Python	90265	51229
JavaScript	85429	40458
Ruby	46964	32499
Rails	32529	29501
AWS	9375	23502
PHP	52557	22698
iOS	42452	17834
Docker	8218	17546
Java	55532	17244
Swift	7493	16553
Android	49421	15910
初心者	4830	15238
Linux	54194	13889
Node.js	39118	12736
Python3	4082	12546
Git	52396	11930
C#	34884	11114
Unity	5610	11046
Mac	42860	10652
Go	5992	9740
CSS	55112	9595
Vue.js	5600	9429
MySQL	44890	9421
HTML	66249	8900
Laravel	2984	8827
機械学習	6928	8773
React	5263	8696
C++	35980	8501
Windows	1492	7940
GitHub	65156	7825
Xcode	29495	7093
RaspberryPi	4025	6962
Ubuntu	29829	6959
TypeScript	3816	6808
CentOS	27683	5714
DeepLearning	4290	5468
jQuery	41397	5334
Bash	1462	4899
Kotlin	2886	4568
VSCode	2941	4555
MacOSX	35495	4485
Vagrant	1618	4408
Vim	29314	4402
kubernetes	2164	4350
Azure	1582	4318
WordPress	2106	4257
Firebase	2247	4214
SQL	1866	4083
Objective-C	22152	4029
Django	2008	3821
R	2310	3811
Heroku	16520	3792
#migrated	4	3727
PostgreSQL	1375	3718
lambda	839	3688
Windows10	462	3635
Slack	2481	3614
TensorFlow	3152	3510
HTML5	60554	3494
C	30772	3471
nginx	20526	3459
EC2	407	3310
docker-compose	521	3267
IoT	1417	3215
Angular	2495	3174
Scala	14349	3166
Excel	1211	3135
ShellScript	27523	3130
centos7	333	3120
gcp	1218	3089
GoogleAppsScript	2076	3020
Arduino	1542	2933
OpenCV	1619	2914
nuxt.js	1054	2911
SSH	25805	2890
AtCoder	794	2886
api	654	2842
ポエム	683	2819
MachineLearning	2130	2809
Flutter	1628	2789
Ansible	1652	2782
PowerShell	1354	2765
Apache	27691	2726
AndroidStudio	865	2622
Chrome	53427	2595
Rust	2577	2566
競技プログラミング	1086	2559
新人プログラマ応援	3381	2554
VirtualBox	559	2519
JSON	580	2389
oracle	761	2372
pandas	817	2293
S3	277	2267
Qiita	67485	2244
初心者向け	280	2242
Elixir	1241	2218
VBA	1236	2203
iPhone	52632	2193
npm	510	2186
数学	1413	2169
Emacs	16128	2141
spring-boot	831	2111
GoogleCloudPlatform	1196	2102
Haskell	13123	2043
アルゴリズム	1159	2040
Rails5	145	2035
RSpec	512	2034
homebrew	515	2005
webpack	834	2002
Twitter	39773	1977
Keras	1197	1947
Web	352	1926
CSS3	40214	1913
Elasticsearch	1135	1894
gas	663	1876
Markdown	1182	1858
shell	644	1848
reactnative	819	1812
VisualStudioCode	1604	1785
Zsh	13276	1771
VisualStudio	1123	1751
Selenium	873	1724
ibmcloud	125	1722
自然言語処理	1474	1718
セキュリティ	1004	1714
Salesforce	653	1713
Jupyter	890	1712
numpy	500	1688
データ分析	1045	1670
Perl	16648	1640
Eclipse	1409	1635
備忘録	62	1633
プログラミング	450	1612
matplotlib	480	1598
aws-cli	169	1597
AdventCalendar	212	1573
AI	769	1564
Linuxコマンド	275	1552
Jenkins	1142	1547
.NET	830	1543
Blockchain	804	1534
Dart	638	1523
MongoDB	16214	1517
spring	1036	1513
Gem	125	1495
GitLab	798	1492
環境構築	190	1467
ATOM	1699	1460
メモ	38	1435
Bootstrap	1138	1418
macos	201	1405
redux	754	1385
入門	236	1385
CakePHP	809	1378
スクレイピング	703	1363
gradle	460	1352
正規表現	33453	1341
オブジェクト指向	871	1340
Flask	580	1338
Terraform	620	1327
画像処理	637	1320
google	485	1317
PHP7	151	1314
linebot	490	1307
Unity3D	749	1286
Railsチュートリアル	77	1267
Anaconda	336	1266
WSL	355	1257
CircleCI	465	1255
IntelliJ	722	1240
Sass	899	1240
テスト	392	1233
Network	518	1230
Terminal	394	1189
Ethereum	495	1181
UE4	767	1172
深層学習	975	1170
ubuntu18.04	24	1157
統計学	941	1155
Security	506	1151
ROS	552	1148
Express	498	1145
Redmine	844	1142
test	170	1125
HTTP	164	1123
es6	513	1122
SSL	175	1119
CSV	88	1117
Bluemix	505	1116
gulp	696	1115
Electron	1618	1110
SQLServer	474	1109
PyTorch	601	1101
RPA	454	1093
DB	229	1092
電子工作	667	1087
BigQuery	455	1074
java8	312	1069
ゲーム制作	407	1068
Redis	567	1056
Rails4	128	1054
WPF	608	1049
node-red	413	1023
GoogleSpreadSheet	358	1002
vmware	405	1002
UI	786	1002
どう書く	174	996
LaTeX	509	984
APIGateway	203	983
フロントエンド	547	979
CoffeeScript	15614	977
Debian	296	976
tips	83	973
プログラミング初心者	127	972
VR	543	969
chef	698	965
Xamarin	905	959
デザインパターン	761	952
Kaggle	882	944
Database	188	940
WebGL	603	933
Line	411	927
raspbian	199	925
勉強会	264	919
scikit-learn	584	916
Julia	912	915
Rails6	30	913
kintone	331	908
cppBuilder	25	905
serverless	389	893
devise	47	891
cloud9	224	890
ubuntu16.04	39	886
scss	399	882
DynamoDB	215	877
Chainer	1088	874
zabbix	550	862
RDS	126	862
CTF	310	860
CloudFormation	121	858
ディープラーニング	904	853
matlab	579	852
ESP32	304	850
GraphQL	556	849
ネットワーク	336	848
FPGA	491	839
Alexa	527	838
Raspberrypi3	275	835
processing	720	835
Ajax	237	832
Firestore	156	831
NLP	456	829
Composer	121	829
ECS	144	828
bot	228	822
UNIX	368	820
GitHubActions	126	805
CI	250	804
mariadb	206	801
android開発	138	800
TechEnglish	108	796
memo	16	796
資格	146	791
エンジニア	127	790
TwitterAPI	152	790
Fluentd	630	789
ActiveRecord	70	789
Microsoft	156	780
Spark	511	777
error	9	776
SoftLayer	114	774
mecab	260	766
curl	117	766
Swift4	125	764
pip	60	755
Maven	203	754
rbenv	59	749
oraclecloud	102	744
ExcelVBA	257	742
WebAPI	323	742
DDD	702	736
C言語	366	736
自動化	213	735
chrome-extension	319	732
babel	269	726
SQLite3	151	723
設計	413	721
Facebook	25042	720
データベース	195	719
cocos2d-x	529	716
LINEmessagingAPI	193	715
コマンド	69	713
GAE	358	710
開発環境	280	707
.NETCore	354	704
PDF	84	704
cakephp3	218	703
Bitcoin	454	703
letsencrypt	164	702
IAM	82	698
tmux	599	696
SwiftUI	331	695
ターミナル	95	693
TeX	430	690
個人開発	449	689
ESLint	137	689
python2.7	65	688
oci	73	686
Vuex	188	679
ffmpeg	218	676
Watson	353	670
pyenv	65	670
dns	123	670
archLinux	365	670
Clojure	550	670
GoogleHome	716	667
HTTPS	91	665
laravel5	154	664
REST-API	125	664
PHPUnit	206	662
関数型プログラミング	319	659
GoogleAnalytics	433	659
Elm	565	658
CUDA	297	657
ifttt	424	656
next.js	376	655
firefox	268	655
cli	33	654
PhpStorm	403	654
CloudWatch	87	652
vue-cli	75	651
openssl	101	647
データサイエンス	537	646
量子コンピュータ	434	644
yhpg	21	644
シェルスクリプト	235	643
Jupyter-notebook	99	642
M5stack	291	641
dockerfile	63	640
Blender	562	640
Kibana	370	634
SpringBoot	214	631
アジャイル	288	630
CocoaPods	171	628
UnrealEngine	409	626
three.js	422	620
PowerBI	473	619
インフラ	349	619
OAuth	235	619
CloudFront	79	618
devops	306	617
論文読み	297	614
ionic	306	614
Phoenix	381	613
leetcode	21	610
強化学習	580	609
PlayFramework	347	608
Hubot	492	605
XML	115	605
Tomcat	169	602
ESP8266	320	601
GPU	128	601
canvas	192	600
OSS	136	598
math	139	597
UiPath	447	594
Jest	123	592
BLE	201	592
SourceTree	237	592
Cordova	382	589
最適化	227	586
画像認識	293	584
proxy	44	584
SVG	255	583
colaboratory	280	582
cron	59	581
FuelPHP	378	579
command	69	576
Cisco	301	574
YouTube	97	572
Groovy	270	571
Swift3.0	218	570
ImageMagick	146	567
人工知能	854	565
YARN	118	563
websocket	245	561
bat	177	560
ネタ	157	558
エラー	15	558
C++11	220	557
CNN	152	553
GoogleMapsAPI	137	553
vpc	51	552
VPN	137	547
WSL2	146	543
coding	35	540
Vuetify	164	539
WebRTC	372	539
Capistrano	186	538
RStudio	230	537
GIS	214	534
gmail	82	533
GLSL	391	531
bioinformatics	183	524
bluetooth	164	524
数値計算	295	523
hadoop	437	522
kernel	137	519
axios	70	516
spreadsheet	93	516
bundler	41	516
centos8	27	515
TDD	12274	513
haml	71	512
SublimeText	472	509
Lua	346	508
AmazonLinux	96	507
翻訳	57	506
ASP.NET	390	505
algorithm	167	504
discord	256	503
Yum	53	500
Bitbucket	235	500
.NETFramework	201	499
コマンドプロンプト	196	497
リファクタリング	229	497
学習	84	496
ブロックチェーン	252	495
Pepper	648	492
AWS認定試験	58	488
PowerApps	312	488
Delphi	190	488
debug	39	486
FreeBSD	240	486
Qt	414	486
solidity	196	485
PWA	368	483
windows7	28	483
SPA	186	482
minecraft	269	482
mqtt	196	481
Safari	55	479
VB.Net	424	478
route53	51	477
game	140	477
WindowsServer	102	476
fish	264	476
GCC	79	475
初学者向け	12	474
borgWarp	1	471
スクラム	225	471
まとめ	94	471
JUnit	170	471
RxSwift	368	470
アプリ開発	78	468
Shader	257	468
Swift5	34	467
ASP.NET_Core	189	467
gRPC	248	465
基本情報技術者試験	52	463
GoogleAppEngine	278	461
FileMaker	275	460
AR	292	458
swagger	258	457
配列	17	457
openFrameworks	559	457
AlibabaCloud	65	455
SORACOM	168	455
Angular2	517	454
GKE	113	450
Realm	420	449
GoogleColaboratory	240	446
言語処理100本ノック	161	446
Design	434	445
ubuntu20.04	12	444
Erlang	441	444
unittest	48	443
英語	372	442
SublimeText3	301	441
awk	283	441
Sinatra	279	440
Cognos	21	438
ニューラルネットワーク	287	436
cloudfunctions	67	433
UX	396	433
Laravel6	22	432
Office365	216	432
migration	6	431
cognito	137	430
可視化	162	430
ElasticBeanstalk	102	430
udemy	59	429
OpenGL	396	429
UnrealEngine4	111	427
analytics	122	426
GoogleDrive	94	425
BeautifulSoup	118	423
Pycharm	248	423
dlang	197	422
FizzBuzz	67	422
Netlify	172	421
promise	57	421
react-native	190	420
Fortran	265	420
ライブラリ	40	419
3D	82	419
gatsby	272	418
Unity2D	195	418
自分用メモ	13	417
animation	56	417
d3.js	386	417
programming	32	416
インストール	11	416
ECMAScript	258	415
TravisCI	124	414
NVIDIA	61	414
link	3	414
postfix	94	414
openstack	355	412
VBScript	176	412
Apex	148	411
MySQL8.0	22	410
slackbot	78	410
brew	52	407
Splunk	121	406
チュートリアル	26	403
twilio	194	403
vimrc	144	402
xampp	58	402
container	42	401
mruby	134	400
AppleScript	157	399
systemd	93	398
ProjectEuler	58	397
ARM	135	397
Cloud	73	397
GUI	51	396
obniz	127	395
SEO	262	395
プロジェクト管理	311	394
prometheus	247	392
NEM	138	391
bootstrap4	106	391
github-pages	66	391
AutomationAnywhere	110	390
ショートカット	44	390
未経験エンジニア	92	389
AWSLambda	43	389
CentOS6.x	15	389
JetsonNano	140	386
YAML	75	383
googleapi	91	383
Webサービス	137	382
クラウド	75	381
es2015	157	380
CMake	161	379
apple	158	378
マネジメント	250	377
scipy	151	377
frontend	53	375
テスト自動化	212	375
amplify	102	373
puppeteer	184	373
Tkinter	104	373
elb	33	373
iTerm2	216	373
ARKit	195	369
サーバー	81	369
mastodon	322	368
WiFi	34	368
mysql5.7	16	366
Capybara	82	366
Alibabaクラウド	14	365
STM32	110	365
転職	186	365
Hyper-V	114	365
AzureFunctions	67	363
jq	65	363
expo	64	362
neovim	255	361
Xamarin.Forms	151	361
install	7	360
Cocoa	106	357
基礎	28	356
ドメイン駆動設計	305	356
font	85	356
WebAssembly	439	355
openshift	159	355
Conoha	212	355
アプリ	32	355
vps	75	354
HoloLens	231	353
monaca	207	352
paiza	59	352
sed	118	352
laravel5.5	26	351
監視	74	351
運用	45	351
データ構造	78	350
学習記録	7	346
grunt	207	346
プログラミング教育	151	345
log	30	345
バッチファイル	117	344
mamp	30	344
F#	314	344
初心者エンジニア	17	342
access	197	342
Fargate	72	341
Nim	341	341
lisp	378	339
Titanium	247	339
CoreOS	271	338
デザイン	130	338
PowerAutomate	219	337
SAP	134	337
LINQ	325	337
IE	41	336
Subversion	151	335
AmazonLinux2	20	334
Cygwin	123	333
grafana	166	332
VisualStudio2017	62	331
チーム開発	127	330
IDE	37	330
photoshop	270	327
mail	27	327
Storyboard	47	326
キーボード	52	324
Oculus	220	324
audio	47	324
C++14	136	323
cookie	27	323
認証	50	322
scraping	72	322
performance	40	320
redash	226	319
Ubuntu14.04	10	319
HelloWorld	4	319
ServerlessFramework	76	318
difference	1	318
p5.js	155	318
Embulk	180	317
文字コード	54	317
microbit	123	316
RaspberryPi4	51	315
デバッグ	61	315
MVVM	187	315
Keyboard	51	315
eks	49	314
SSL証明書	40	314
unicorn	48	314
Amazon	116	314
音声認識	146	313
Progate	28	312
Xaml	154	311
脆弱性	184	310
RubyMine	169	310
Peco	228	309
Word	63	309
swift3	103	307
プログラミング勉強日記	1	306
非同期処理	32	306
C++N4741	8	305
Validation	6	304
grep	45	303
Plugin	5	302
slim	77	302
勉強メモ	24	301
redhat	100	301
形態素解析	154	300
kubectl	22	297
datetime	2	297
material-ui	113	296
ESP-WROOM-02	237	296
Makefile	99	296
AzureAD	58	295
Chatwork	114	295
JWT	76	295
UIKit	28	294
mvc	76	293
batch	73	293
stripe	133	293
plantuml	215	292
TreasureData	186	292
common-lisp	313	292
LaraDock	29	291
ツール	81	291
QiitaAPI	61	291
Webhook	51	290
Tableau	291	290
statistics	277	290
TouchDesigner	269	289
microservices	198	289
Prolog	109	288
RuboCop	41	287
統計	205	287
nosql	111	287
COVID-19	30	286
HOUDINI	300	286
Scratch	117	286
rest	149	286
sqlite	155	286
Plunker	0	285
ArduinoIDE	29	285
cmd	57	285
RHEL	96	285
sbt	60	285
KVM	136	285
14882	3	284
SublimeText2	332	284
OS	68	283
dialogflow	171	282
maya	176	282
gce	58	282
FontAwesome	33	282
さくらVPS	98	282
JSX	68	282
Xcode8	60	280
rancher	164	280
selenium-webdriver	67	280
Thymeleaf	103	280
uml	156	280
AlexaSkillsKit	88	279
vue-router	39	278
pug	129	278
エラー対処	4	278
Apache2.4	9	278
riot	413	278
小ネタ	18	278
OpenStreetMap	127	278
adobe	100	278
php-fpm	24	277
ズンドコキヨシ	46	275
I2C	27	275
データ可視化	184	274
DockerHub	42	274
Symfony	148	274
Athena	42	273
AWS認定ソリューションアーキテクト	44	273
MNIST	18	272
redshift	100	272
Pipenv	33	271
DataScience	90	271
ansible-playbook	15	271
LineNotify	69	270
機械学習入門	45	270
CORS	20	270
CMS	60	270
svn	84	270
暗号	86	269
word2vec	249	269
GPS	34	269
Backbone.js	11170	269
Datadog	173	268
MaterialDesign	155	268
ActiveDirectory	94	268
English	264	268
iPad	122	268
prettier	29	267
ポートフォリオ	48	267
unicode	33	267
ゲーム	130	267
ラズパイ	78	265
JavaEE	161	265
flash	64	265
alpine	71	264
コミュニケーション	164	264
アニメーション	31	264
RxJS	209	263
PowerPoint	58	263
Socket.io	223	262
Aurora	51	261
iOS13	36	260
testing	45	260
array	3	260
server	130	260
ロボット	66	259
エディタ	58	259
USB	20	259
PRML	124	259
boto3	22	258
purescript	153	258
samba	60	258
組み込み	188	257
アセンブラ	97	257
I18n	29	257
ActionScript	241	257
jsdo	1	256
editor	31	256
fastlane	64	255
アーキテクチャ	136	255
CodeBuild	17	254
ServiceNow	145	254
リモートワーク	63	254
CentOS6	18	254
GitLab-CI	79	254
効率化	75	254
AutoLayout	54	254
db2	56	254
NewRelic	105	254
deploy	22	254
coursera	113	253
UniRx	207	253
laravel5.7	13	251
仮想通貨	128	251
Logstash	92	251
IPv6	74	251
react-hooks	41	250
JavaFX	121	250
form	4	250
teraterm	88	249
bookmarklet	66	249
sympy	67	249
hooks	35	248
enum	7	248
動画	26	247
carrierwave	7	247
tutorial	9	247
AUTOSAR	28	246
chart.js	59	246
ブラウザ	23	246
Java入門	35	245
Webアプリケーション	45	245
グラフ	27	245
slack-api	26	244
myVisualStudioStudy	3	244
MicrosoftFlow	188	244
Mattermost	179	244
JupyterLab	115	243
シェル芸	241	243
BotFramework	90	242
async	15	242
awsIoT	67	241
線形代数	103	241
mbed	136	241
xdebug	17	241
Teams	133	240
環境変数	8	240
aws-sdk	22	240
SharePoint	190	240
EC-CUBE4	59	239
django-rest-framework	66	239
ASP.NET_MVC	174	239
iOS8	125	239
技術書	161	239
EC-CUBE	82	239
phpMyadmin	21	239
Chromebook	175	238
書籍	99	238
ESXi	92	238
CodeIgniter	250	238
awscli	22	237
コロナウイルス	16	236
geometry	3	236
phina.js	90	236
RxJava	218	236
jira	171	236
OpenJDK	11	236
TCP	58	236
Hugo	229	235
画像	14	235
Symfony2	94	235
TLS	55	234
マクロ	26	234
教育	112	234
rubygems	31	234
MovableType	127	234
プロジェクトマネジメント	190	233
g++	2	233
クラス	10	233
キャリア	132	232
zynq	58	232
agile	103	232
PhantomJS	144	232
#初心者	11	231
stringOperation	1	231
scrum	82	231
開発プロセス	129	231
framework	22	231
CognitiveServices	53	230
Laravel7	5	229
トラブルシューティング	18	229
JetBrains	80	229
zip	8	229
Xcode11	8	228
M5StickC	94	228
homestead	6	228
MIDI	86	228
Phalcon	168	228
clang	80	228
UnityEditor	28	227
ShinobiLayer	9	227
uGUI	50	227
iOS9	150	226
Carthage	55	226
Mackerel	138	226
SNS	28	226
物理	158	226
CPU	32	226
leaflet	105	226
OculusQuest	78	225
CICD	20	225
storybook	90	225
BashOnUbuntuOnWindows	193	225
illustrator	201	225
GoogleCalendar	43	225
ROS2	100	224
TOPPERS	26	224
SageMaker	62	223
create-react-app	16	223
IPアドレス	26	223
DI	35	223
ses	15	223
ComputerVision	108	222
AutoHotkey	144	221
FirebaseCloudFunctions	16	220
webpacker	9	220
Xcode6	45	220
デプロイ	8	220
Nokogiri	37	220
GoogleAssistant	181	219
ngrok	43	219
WebComponents	169	219
ゲーム開発	110	219
高速化	69	219
JDBC	7	219
MacBook	42	219
neo4j	163	219
日本語	33	219
hive	128	219
Sphinx	174	219
VRChat	101	218
ECR	17	218
virtualenv	32	218
macOSCatalina	6	217
UWP	155	217
Kafka	150	217
AppStore	38	217
ワンライナー	44	217
CleanArchitecture	153	216
AfterEffects	144	216
Push通知	65	216
量子ゲート	60	215
コンテナ	27	215
docker-machine	61	215
clang++	11	215
コーディング規約	133	215
Basic認証	14	215
RubyOnRails5.2	1	214
JSP	63	214
IIS	56	213
enebular	28	212
Eloquent	18	212
Win32API	59	212
sort	8	212
時系列解析	207	211
シミュレーション	60	211
LSTM	116	210
VMware_ESXi	53	210
ORM	15	210
バックアップ	16	210
ggplot2	68	210
Outlook	53	209
GitBucket	177	209
さくらのクラウド	62	209
MyBatis	77	209
ftp	19	209
Scheme	10522	209
Trello	248	208
browserify	98	208
python3.7	8	207
fileIO	2	207
pillow	20	207
Drupal	110	207
spring-security	31	207
COTOHA	105	206
VisualStudio2015	44	206
SendGrid	64	206
VNC	23	206
Backlog	105	206
borgSensorSystem1	2	205
codingRule	11	205
adb	19	205
CodePipeline	14	204
BI	63	204
URL	4	204
Lチカ	9	203
chocolatey	165	203
Auth0	68	202
KaliLinux	149	202
automation	33	202
boost	108	202
trap	1	201
ソート	16	201
仮想環境	18	201
serverspec	195	201
nodebrew	26	201
mocha	61	201
date	4	201
iptables	60	201
setup	3	201
flux	177	201
chatbot	50	200
tool	20	200
Solr	126	200
RSS	55	200
dom	33	200
Kinesis	66	199
QEMU	39	199
cakephp2	22	199
fedora	94	199
CSS設計	118	198
IDCFクラウド	56	198
GoF	27	198
Underscore.js	70	198
OculusGo	96	197
メール	15	197
IE11	11	197
WebStorm	122	197
flow	75	197
Beginner	27	197
Catalina	11	196
iBM	19	196
emacs-lisp	54	196
authentication	8	196
map	16	196
OCR	63	195
QRcode	17	195
fabric	129	195
文字列	10	195
EC-CUBE3	227	194
groonga	71	194
IPython	120	194
micropython	49	193
Vivado	46	193
Swift2.0	66	193
crystal	190	193
Kivy	137	193
anyenv	32	193
フレームワーク	21	193
GAN	120	192
minikube	32	192
sklearn	30	192
新卒エンジニア	45	192
react-router	53	192
cdn	24	192
deno	273	191
digdag	101	191
パフォーマンス	41	191
lamp	21	191
関数型言語	236	191
rake	17	191
NestJS	132	190
Unity入門	32	190
SSO	28	190
vSphere	43	190
Yosemite	55	190
関数	8	190
gnuplot	90	190
infrastructure	65	190
Dropbox	142	190
AzureDevOps	66	189
Hyperledger-fabric	38	189
zoom	40	189
zybo	30	189
plotly	91	189
QGIS	162	189
seaborn	120	188
LDAP	44	188
Blazor	197	187
GSuite	67	187
MyUnity	1	187
OpenVPN	44	187
crontab	17	187
Graphviz	106	187
UTF-8	19	187
OpenSSH	66	187
文字化け	14	186
helm	64	186
読書	29	186
webView	13	186
Vtuber	100	185
AMP	154	185
sqs	20	185
mBaas	65	185
フォント	61	185
検索	11	185
ssh公開鍵認証	13	185
edge	28	185
template	10	185
Keycloak	78	184
apt	9	184
sqlalchemy	64	184
oauth2	40	183
UITableView	10	183
Pandoc	124	183
YOLOv3	38	182
CodeDeploy	25	182
SRE	127	181
openid_connect	42	181
QA	67	181
WRF	13	181
echo	25	181
Verilog	180	181
おうちハック	246	180
カンファレンス・勉強会メモ	28	180
class	7	180
office	56	180
PayPal	76	180
ソフトウェアテスト	59	179
ショートカットキー	19	179
コンパイラ	66	179
jpa	45	179
Compass	108	179
OpenAPI	59	178
apollo	73	178
NeuralNetwork	45	178
PDO	49	178
OCaml	244	178
コーディング	44	177
NCMB	37	177
googlecomputeengine	103	177
Express.js	47	177
sudo	18	177
SMTP	26	177
Build	1	177
Bitrise	54	176
Python2	17	176
Karabiner	48	176
DataVisualization	110	176
foss4g	39	176
adMob	24	176
Akka	118	176
Wireshark	109	176
初投稿	3	175
地図	47	175
Parse	193	175
bug	2	175
Haxe	183	175
物体検出	53	174
組合せ最適化	85	174
メソッド	1	174
msys2	83	174
sketch	352	174
rsync	37	174
駆け出しエンジニア	14	173
shopify	111	173
ALB	4	173
プログラミング言語	20	173
gpio	6	173
Live2D	174	173
ProtocolBuffers	54	173
HTML,CSS	11	173
DesignPatterns	25	173
Rx	170	173
AutoScaling	12	173
ハッカソン	29	173
ログ	28	173
設定	2	173
A-Frame	69	172
flexbox	47	172
milkcocoa	70	172
camera	5	172
DataBinding	16	171
Visualization	51	171
Requests	11	171
Scrapy	117	171
shortcut	9	171
OracleDatabase	11	170
IBMi	29	170
Siv3D	95	170
glue	25	170
httpd	10	170
Ｅ資格	25	169
docker-for-windows	13	169
Wi-Fi	15	169
activeadmin	13	169
bower	81	169
laravel5.6	11	168
angular-cli	36	168
XCode7	23	168
ServiceWorker	132	168
sam	25	168
チートシート	64	168
servlet	50	168
Kobito	116	168
Jekyll	98	168
CircleCI2.0	16	167
python3.6	6	167
サーバー構築	40	167
yamaha	52	167
CoreData	137	167
GANs	61	166
PowerQuery	125	166
Sierra	24	166
riot.js	130	166
ssd	10	166
株価	90	166
MacbookPro	23	166
ドキュメント	82	166
bigdata	55	166
cloudfoundry	75	166
Mojave	10	165
ios11	22	165
Lightsail	28	165
RealSense	83	165
DataFrame	12	165
onsenui	109	165
Theta	109	165
バージョン管理	27	165
packer	127	165
拡張機能	6	165
ドットインストール	35	165
PlayCanvas	28	164
CodeCommit	16	164
チームビルディング	84	164
Lightning	56	164
http2	88	164
LLVM	143	164
ReactiveExtensions	138	164
CreateJS	137	164
Instagram	84	164
TensorflowLite	34	163
FirebaseAuth	4	163
Choregraphe	94	163
暗号化	21	163
rpm	23	163
BITNAMI	32	163
AdventCalendar2019	3	162
LINEWORKS	48	162
コードレビュー	74	162
Robot	50	162
gcloud	14	162
e2e	31	162
gif	9	162
scp	21	162
Meteor	195	162
EntityFramework	97	162
catapult	15	161
geth	31	161
AmazonEcho	143	161
応用情報技術者試験	53	161
ハンズオン	12	161
extension	8	161
Memcached	92	161
discord.py	49	160
golang,Go	5	160
並列処理	50	160
wercker	105	160
update	1	160
SpriteKit	163	160
イベント	8	160
Chromium	41	160
VisualStudio2019	27	159
スマートスピーカー	53	159
nextcloud	65	159
MicrosoftTeams	215	159
Edison	132	159
コマンドライン	18	159
list	2	159
RubyMotion	117	159
NFC	57	159
NetBeans	75	159
nuxt	270	158
自作キーボード	116	158
制御工学	124	158
chromedriver	5	158
udp	12	158
LibreOffice	42	158
Jade	94	158
find	10	158
SAS	60	158
RPGツクールMV	130	157
writeup	10	157
RecyclerView	5	157
RESTful	45	157
session	2	157
ふりかえり	14	156
確率	21	156
C++17	91	156
Polymer	167	156
証明書	27	156
GCS	16	156
library	3	156
bottle	86	156
wget	26	156
sh	42	156
TensorFlow.js	37	155
spring-mvc	39	155
SAML	31	155
GooglePlay	9	155
RDB	31	155
JMeter	73	155
Octave	99	155
レスポンシブ	42	155
ClojureScript	105	155
勉強法	52	154
Finance	175	154
stylus	81	154
nfs	16	153
yeoman	116	153
本	54	153
ios10	59	152
Postman	42	152
コンポーネント	8	152
Desktop	2	152
型	26	152
WebAudioAPI	100	152
プラグイン	2	152
レビュー	40	152
CDK	23	151
ReinforcementLearning	38	151
命名規則	202	151
Sound	20	151
diff	21	151
ActiveStorage	6	150
Svelte	232	150
oracle12c	5	150
Caffe	132	150
VBAマクロ	19	150
sidekiq	22	150
less	117	150
RubyonRails6.0	3	149
Clova	42	149
laravel5.4	14	149
FirebaseHosting	6	149
Windows8.1	6	149
GORM	14	149
ntp	15	149
elcapitan	21	148
新人教育	81	148
lxc	72	148
ebs	12	148
backup	9	148
PowerPlatform	60	147
マーケティング	44	147
sftp	11	147
RaspberryPiZeroW	25	146
Jetson	51	146
データサイエンティスト	150	146
NAOqi	72	146
InternetExplorer	20	146
DependencyInjection	23	146
appium	147	146
gin	52	145
WebVR	96	145
springframework	43	145
influxdb	117	145
NAS	15	145
YouTubeAPI	28	145
RabbitMQ	97	145
knockoutjs	140	145
Automator	57	145
alias	6	145
emoji	19	145
Config	4	145
styled-components	44	144
CData	16	144
vbs	36	144
HLS	36	144
用語	12	144
GoogleMap	19	144
リーダブルコード	51	144
monitoring	18	144
geo	28	144
JScript	54	144
Play	285	144
G検定	44	143
前処理	18	143
オープンソース	16	143
firewalld	13	143
concrete5	69	143
image	0	143
squid	37	143
macOSMojave	8	142
ObjectDetection	18	142
googleform	30	142
EV3	18	142
マイコン	66	142
bem	60	142
PhoneGap	128	142
Udemy学習応援	7	141
AutoML	88	141
Quantx	74	141
vuetifyjs	61	141
gitbash	5	141
pytest	37	141
日本語訳	10	141
Raspberry	610	141
勉強	58	141
ログイン	3	141
湯婆婆	10	140
AdventCalendar2016	7	140
情報処理技術者試験	66	140
アウトプット	15	140
codepen	14	140
Presto	71	140
uwsgi	16	140
nvm	9	140
pry	34	140
iOS14	16	139
AppSync	46	139
BitVisor	9	139
VyOS	89	139
変数	2	139
coroutine	8	139
シェル	33	139
extendscript	36	139
model	1	139
量子アニーリング	90	138
venv	6	138
SkyWay	53	138
StreamAPI	9	138
マイクロサービス	105	138
Cache	5	138
Video	17	138
middleman	85	138
Make	36	138
nutanix	47	137
Pascal	21	137
svm	39	137
dotfiles	111	137
base64	12	137
初学者	3	136
タスク管理	91	136
Smalltalk	53	136
Metal	63	136
Emscripten	59	136
color	8	136
development	9	136
adventcalendar2018	2	135
certbot	12	135
スプレットシート	7	135
JDK	12	135
3Dプリンタ	59	135
FX	119	135
さくらエディタ	74	135
ydnjp	66	135
mapbox	57	135
gdb	53	135
iTunesConnect	35	135
path	4	135
truffle	48	134
Hyperledger	101	134
postcss	108	134
顔認識	37	134
Asset	15	134
VisualBasic	79	134
emmet	64	134
wine	20	134
CloudRun	30	133
xgboost	67	133
OpenFOAM	58	133
STS	9	133
EMR	38	133
snmp	37	133
embedded	38	133
バグ	15	133
ReVIEW	58	133
開発	10	133
parcel	120	132
Nerves	15	132
conda	14	132
airflow	70	132
SmartContract	53	131
unity5	40	131
さくらのレンタルサーバ	27	131
tweepy	21	131
Unity拡張	25	131
homebrew-cask	39	131
iBeacon	130	131
ドメイン	11	131
plsql	38	131
AndroidSDK	16	131
Cgi	11	131
Cassandra	102	131
SELinux	42	131
jasmine	70	131
Smarty	79	131
FactoryBot	7	130
WKWebView	7	130
Visualforce	72	130
string	2	130
OmniAuth	5	130
AIR	65	130
WebDriver	28	130
AutomationAnywhereA2019	32	129
fukuoka.ex	9	129
QuantumComputing	22	129
WebApps	25	129
RNN	64	129
異常検知	99	129
PyInstaller	8	129
GoogleCloudStorage	26	129
オープンデータ	63	129
post	3	129
Grove	23	128
クラスタリング	19	128
Storage	8	128
Alamofire	13	128
itamae	166	128
Mock	3	128
アンチパターン	91	128
ChromeDevTool	54	128
karma	59	128
tag1	0	128
tag2	0	128
VC++	19	128
.htaccess	14	128
avfoundation	83	128
VRM	53	127
AsyncAwait	12	127
Stan	72	127
cloudflare	43	127
vi	64	127
bind	35	127
Confluence	130	127
Coq	117	127
laravel5.8	4	126
coreML	47	126
DApps	66	126
ソフトウェア開発	50	126
ETL	28	126
日本語化	4	126
要件定義	92	126
ownCloud	69	126
timezone	3	126
boot2docker	48	126
oop	56	126
JDLA	13	125
AKS	13	125
lightgbm	37	125
objectpascal	9	125
xilinx	28	125
バリデーション	2	125
Alfred	110	125
ベイズ推定	47	124
AzureStorage	9	124
lint	10	124
blade	8	124
D言語	58	124
ejs	62	124
phpenv	7	124
assembly	51	124
遺伝的アルゴリズム	99	124
WioLTE	25	123
Xcode9	12	123
ESP-WROOM-32	85	123
Jetpack	17	123
PRISM	69	123
FFT	18	123
PyQt5	48	123
drone	80	123
学習メモ	0	123
ipa	13	123
カメラ	10	123
opendata	51	123
Jackson	22	123
document	15	123
Xcode10	7	122
actionsongoogle	57	122
UnrealC++	28	122
ZFS	52	122
if文	0	122
codeforces	11	122
AppEngine	34	122
Mockito	31	122
MinGW	28	122
WindowsSubsystemForLinux	28	121
lumen	70	121
pygame	38	121
WWDC	122	121
Brainf*ck	18	121
Webスクレイピング	62	121
再帰	17	121
モデリング	64	121
論文	37	121
vuforia	57	121
SAPUI5	32	120
JAMstack	85	120
outsystems	57	120
クソアプリ	53	120
Databricks	16	120
量子力学	54	120
SLAM	70	120
BASIC	9	120
クローラー	55	120
ChatOps	113	120
行列	16	120
ブックマークレット	21	120
素数	12	120
Wikipedia	20	120
STL	27	120
postgres	90	120
td-agent	44	120
GPGPU	125	120
laravel8	2	119
karabiner-Elements	24	119
Trailhead	10	119
Docker-Toolbox	11	119
AzureMachineLearning	78	119
インフラエンジニア	92	119
仮想化	42	119
openldap	38	119
Go言語	118	119
twig	35	119
ハードウェア	28	119
erb	4	119
aws-cdk	44	118
OpenAIGym	42	118
AtomicDesign	66	118
naming	16	118
Vagrantfile	4	118
moment.js	7	118
GoogleTagManager	95	118
ransack	14	118
ラムダ式	27	118
mongoose	38	118
istio	115	117
SharePointOnline	55	117
AmazonDashButton	129	117
テスト駆動開発	27	117
architecture	18	117
lodash	32	117
ChromeOS	91	117
PostGIS	65	117
SDK	8	117
vimscript	17	117
htaccess	16	117
CUI	11	117
OGP	19	117
stepfunctions	19	116
OpenAM	31	116
Androidアプリ	9	116
作業ログ	5	116
Adx2	20	116
BaaS	31	116
dll	13	116
glassfish	36	116
Putty	22	116
QISKIT	21	115
dotenv	2	115
動的計画法	32	115
チューニング	23	115
HDL	57	115
広告	62	115
Atlassian	60	115
todo	14	115
メタプログラミング	26	115
socket	6	115
さくらのVPS	83	115
Openpyxl	48	114
組織	18	114
paiza.IO	3	114
AVR	58	114
IME	6	114
console	7	114
日記	14	114
Paas	38	114
IQBot	10	113
FirebaseCloudMessaging	16	113
Mesh	51	113
ビッグデータ	27	113
RSA	13	113
インスタンス	4	113
X11	13	113
intel	15	113
slick	31	113
メモリ	18	113
Puppet	68	113
mono	28	113
ポインタ	16	113
ML-Agents	50	112
HighSierra	10	112
intra-mart	57	112
Router	12	112
SceneKit	26	112
DirectX	152	112
gensim	52	112
Max-MSP	161	112
RDP	9	112
license	10	112
regexp	23	112
FactoryGirl	17	112
CloudFirestore	73	111
await	3	111
Drupal8	30	111
未経験	21	111
DQN	54	111
rfc	13	111
SystemVerilog	65	111
センサー	11	111
puma	5	111
Yii	58	111
compiler	25	111
jquery.ui	12	111
screen	104	111
bert	78	110
YOLO	43	110
dlib	35	110
競プロ	13	110
regex	14	110
lpic	38	110
SeleniumIDE	57	110
ファイル操作	9	110
単体テスト	22	110
hash	5	110
OpenCL	108	110
rack	16	110
Grails	61	110
VCI	13	109
WinActor	88	109
AmazonConnect	43	109
業務効率化	31	109
MR	67	109
C++builder	22	109
ETロボコン	26	109
for文	1	109
ユニットテスト	23	109
ソリューションアーキテクト	12	109
初心者です	5	109
プレゼンテーション	35	109
SPARQL	50	109
Photon	47	109
benchmark	13	109
音声合成	32	109
isucon	28	109
module	2	109
TensorFlow2.0	20	108
Django2.0	10	108
ssr	17	108
macOSSierra	6	108
redux-saga	45	108
#python	12	108
CloudStorage	9	108
sequelize	29	108
#javascript	5	108
pullrequest	5	108
Lombok	29	108
ブログ	5	108
tmlib.js	49	108
chef-solo	40	108
Dash	56	108
waf	15	108
rvm	21	108
OpenVINO	46	107
M1	20	107
未来電子	4	107
lxd	43	107
JUCE	60	107
Hashicorp	46	107
WatchKit	211	107
SonarQube	69	107
networkx	36	107
レポート	2	107
Evernote	106	107
RMagick	9	107
WSH	59	107
hackathon	7	107
Microsoft365	19	106
tailwindcss	46	106
TypeORM	15	106
AdobeXD	147	106
difficultToSearch	4	106
自動テスト	12	106
wp-cli	30	106
csrf	15	106
ODBC	7	106
calendar	1	106
gzip	7	106
Perl6	34	106
org-mode	98	106
cobol	59	106
enchant.js	81	106
ベンチマーク	15	106
xpath	37	106
pacemaker	35	106
tar	4	106
C++N4606	1	105
CosmosDB	22	105
OpenPose	56	105
GoogleCloudFunctions	51	105
crud	2	105
AzureActiveDirectory	22	105
Pyspark	33	105
stack	16	105
MFA	9	105
Stream	11	105
電子回路	47	105
RHEL7	9	105
apt-get	11	105
proxmox	27	105
Gemfile	0	105
JVM	32	105
HDD	3	105
音楽	34	105
bashrc	10	105
試験	4	105
tello	28	104
vuls	71	104
アジャイル開発	16	104
Excel関数	22	104
fetch	6	104
Sqlplus	19	104
xss	21	104
CG	62	104
Thread	4	104
SequelPro	7	104
VHDL	67	104
Mathematica	88	104
jsf	34	104
kaminari	7	104
AdventCalendar2020	1	103
HackTheBox	32	103
toio	17	103
CloudBuild	10	103
WindowsUpdate	16	103
tesseract-ocr	30	103
Bootstrap3	24	103
Notification	2	103
generator	34	103
jinja2	35	103
Mercurial	93	103
Mobile	13	103
wordcloud	5	102
web3.js	20	102
adamTaylor	1	102
Spacemacs	115	102
education	15	102
統計学入門	46	102
パズル	6	102
HHKB	46	102
お名前.com	4	102
キャッシュ	4	102
ubuntu18.04LTS	2	101
picoCTF	4	101
資格勉強	6	101
モブプログラミング	20	101
cuDNN	7	101
watchOS	89	101
flowtype	41	101
エクセル	9	101
SQLアンチパターン	80	101
Kindle	38	101
Cython	82	101
localhost	2	101
LIFF	38	100
ADDA	1	100
Vapor	46	100
AppleWatch	121	100
xserver	9	100
RadStudio	22	100
civictech	17	100
例外	28	100
mysqldump	5	100
ipsec	17	100
Lubuntu	21	100
tableView	0	100
Spotify	41	99
Tensorboard	27	99
KiCad	69	99
シリアル通信	9	99
乱数	11	99
led	3	99
ゲームプログラミング	61	99
便利	12	99
quartus	4	99
XCTest	21	99
パスワード	8	99
LeapMotion	99	99
PIL	16	99
マルチスレッド	36	99
質問	27	99
userscript	21	99
Flex	48	99
CommonLisp	174	99
Gentoo	96	99
SSM	4	98
リモートデスクトップ	2	98
RTOS	29	98
OBS	23	98
AzureCLI	8	98
tvOS	64	98
raspberrypi2	32	98
自己紹介	1	98
Pythonista	168	98
UEFI	19	98
Cryptocurrency	58	98
baserCMS	35	98
ImageProcessing	10	98
3DCG	60	98
nocode	31	97
RubyonRalis	0	97
IBM-Cloud	6	97
aidemy	2	97
Metabase	90	97
headless-chrome	17	97
Infrastructure_as_code	17	97
iverilog	0	97
envoy	50	97
logicapps	8	97
Vive	67	97
KUSANAGI	22	97
PubSub	16	97
統計検定	55	97
FreeRTOS	43	97
SPSS	22	97
ReKognition	18	97
SoftEther	51	97
SaaS	26	97
datastore	16	97
dovecot	18	97
supervisor	27	97
スクリーンショット	2	97
日付	0	97
Import	0	97
公開鍵	9	97
script	3	97
event	0	97
png	6	97
FCM	13	96
Bizrobo	38	96
dein.vim	27	96
Shiny	39	96
PlatformIO	35	96
ER図	18	96
ObjectStorage	7	96
gstreamer	36	96
password	7	96
分析	34	96
elasticache	12	96
初期設定	7	96
継承	7	96
turbolinks	7	96
watsoniotplatform	11	95
dataflow	23	95
移行応援	34	95
AD2	3	95
myLineMonitor	2	95
HPC	44	95
ActionCable	17	95
色	6	95
CloudWatch-Logs	9	95
ShaderLab	33	95
Blueprint	25	95
Linux基本	6	95
グラフ理論	49	95
トランザクション	18	95
ECMAScript6	58	95
arm64	10	95
プログラマ	22	95
OpenSource	13	95
全文検索	26	95
Genymotion	30	95
RemoteDesktop	8	95
lvm	22	95
サービス	2	95
snippets	4	95
Looker	32	94
RPi	10	94
プログラミング全般	46	94
Cluster	10	94
Cloudtrail	17	94
gitignore	14	94
文字列操作	3	94
ライセンス	30	94
Brackets	148	94
Berkshelf	33	94
RDBMS	16	94
exif	4	94
Crashlytics	18	94
Windows8	51	94
macports	17	94
memory	2	94
RISC-V	44	93
金融	46	93
abc	0	93
fintech	59	93
Dagger2	17	93
chemoinformatics	33	93
インストール手順	1	93
失敗談	13	93
#AWS	5	93
opsworks	22	93
Kinect	100	93
apache2	10	93
rails3	15	93
passenger	11	93
雑記	6	93
Xcode12	3	92
AtCoderBeginnerContest	0	92
Cypress	49	92
SigFox	32	92
PHP7.2	7	92
PYNQ	30	92
Pythonista3	128	92
Symbol	4	92
UNIXコマンド	9	92
Primer	2	92
asciidoc	106	92
uart	6	92
FunctionalProgramming	23	92
信号処理	71	92
zshrc	5	92
ライフハック	52	92
mysql5.6	6	92
RAID	11	92
codeiq	22	92
Notion	73	91
KYOSO	3	91
FlutterWeekly	75	91
技術書典	36	91
Bulma	42	91
Exploratory	62	91
Vulkan	86	91
Mithril.js	126	91
新人	26	91
HHVM	64	91
translation	9	91
nuget	24	91
Component	6	91
モナド	19	91
gnome	10	91
バッチ	27	91
DXライブラリ	69	91
NULL	1	91
browser	7	91
Fragment	2	91
Beanstalk	15	91
iTunes	10	91
dos	17	91
XOOPS	25	91
QiitaAzure	23	90
バーチャルキャスト	14	90
QMK	23	90
ElementUI	19	90
acm	8	90
AzureWebApps	15	90
fastly	48	90
interface	1	90
Cabocha	29	90
package	1	90
MMD	56	90
IntelliJIdea	13	90
geojson	23	90
テンプレート	10	90
graph	5	90
blueqat	21	89
アドベントカレンダー2018	1	89
テレワーク	9	89
Quantum	1	89
AppService	7	89
チャットボット	25	89
プログラミング学習	10	89
SPI	5	89
コードリーディング	36	89
Webデザイン	56	89
localStorage	5	89
struts2	41	89
view	2	89
adventcalendar2017	7	88
Liberty	3	88
clasp	37	88
フリーランス	79	88
メインフレーム	26	88
angularMaterial	9	88
Swift2	34	88
NOW	58	88
RMarkdown	37	88
スタートアップ	29	88
GraphDB	13	88
zapier	76	88
Firewall	8	88
VST	40	88
Fess	54	88
vim-plugins	25	88
TeXLive	22	88
負荷試験	37	88
Liquid	9	88
ノーコード	22	87
WindowsTerminal	46	87
FastAPI	57	87
Kony	3	87
Java11	3	87
ONNX	28	87
Fiori	17	87
CNTK	45	87
stackdriver	19	87
nodenv	6	87
AS400	21	87
Polyphony	5	87
EFS	8	87
STM32CubeMX	22	87
Binary	16	87
引数	1	87
rundeck	62	87
juniper	59	87
workspaces	12	87
x86	23	87
mosquitto	23	87
FacebookSDK	12	87
無線LAN	11	87
システム開発	20	87
git-flow	20	87
圏論	73	87
figma	101	86
cwl	5	86
めざせライブラリマスター	13	86
Pipeline	8	86
nucleo	9	86
cloudsql	8	86
teechart	1	86
FeliCa	25	86
h2o	66	86
logging	4	86
XRDP	13	86
logrotate	8	86
プロトコル	12	86
gunicorn	12	86
direnv	12	86
基本	8	86
SICP	19	86
DeployGate	36	86
hipchat	42	86
nkf	7	86
位置情報	14	86
EdgeTPU	22	85
Angular6	14	85
WordPressプラグイン	3	85
SteamVR	31	85
apiconnect	14	85
kms	3	85
俺でもわかるシリーズ	3	85
FireMonkey	11	85
petalinux	5	85
networkApp	3	85
WebSphere	19	85
music	28	85
spring-data-jpa	15	85
UICollectionView	5	85
ios7	30	85
Mojolicious	33	85
xargs	7	85
input	0	85
TortoiseGit	21	85
lifehack	25	85
読書メモ	6	85
Blog	4	85
Tcl	37	85
Noodl	20	84
C#入門	1	84
nvidia-docker	19	84
myThings	58	84
openwrt	24	84
vvvv	129	84
dplyr	36	84
consul	106	84
ルーティング	4	84
ロジスティック回帰	18	84
pixi.js	60	84
UIView	4	84
optional	4	84
asterisk	101	84
OculusRift	62	84
Linux_Mint	28	84
Sails.js	76	84
UbuntuServer	3	84
jpeg	2	84
自作PC	20	84
controller	0	84
locale	3	84
Random	4	84
contentful	53	83
wiotp	3	83
回帰分析	6	83
VCCW	31	83
LT	4	83
#ruby	1	83
Search	1	83
permission	3	83
さくらインターネット	24	83
jersey	35	83
MPI	45	83
webfont	19	83
gist	37	83
PointCloud	19	82
脆弱性診断	27	82
pay.jp	14	82
dockerformac	7	82
JAWS-UG	9	82
jXA	39	82
テキストエディタ	17	82
version	0	82
BOX	29	82
minecraftmodding	11	82
Simulator	2	82
HttpClient	6	82
mp4	11	82
ListView	0	82
Routing	3	82
KVS	55	82
IoTlt	16	81
reinvent	3	81
PMP	10	81
fzf	35	81
非エンジニア	9	81
minitest	27	81
構文解析	30	81
userAgent	4	81
プッシュ通知	13	81
tcpdump	36	81
VMwareFusion	14	81
thinkpad	29	81
JRuby	24	81
Play2	76	81
UITextView	3	81
ant	19	81
donkeycar	15	80
RaspberryPi3B+	8	80
PHP7.3	5	80
Watson-Studio	3	80
kubeadm	7	80
tidyverse	24	80
言語処理系	24	80
raspberrypizero	29	80
glide	32	80
yukicoder	9	80
科学技術計算	60	80
BME280	11	80
Faker	3	80
DHCP	11	80
Ghq	16	80
レンタルサーバー	3	80
POSIX	34	80
login	1	80
Xamarin.Android	12	80
リスト	0	80
Mozc	9	80
riak	63	80
mroonga	36	80
NDK	21	80
tig	76	80
カレンダー	3	80
activesupport	3	80
サーバー管理	88	80
HSP	42	80
Poetry	15	79
Scrapbox	66	79
Angular4	19	79
react-redux	31	79
Magento2	16	79
emulator	8	79
Cloudant	14	79
cocos2d-JS	59	79
Koa	73	79
アイコン	7	79
Couchbase	25	79
連想配列	7	79
Agora.io	11	78
discord.js	27	78
iPhoneX	35	78
Termux	53	78
Fusion360	60	78
delete	0	78
ビットコイン	48	78
tampermonkey	11	78
FullCalendar	13	78
HLSL	48	78
reveal.js	43	78
マイグレーション	2	78
Retrofit	15	78
Talend	56	78
AWS_SDK	10	78
kuromoji	20	78
ghc	13	78
UIScrollView	5	78
ActionMailer	1	78
NetBSD	40	78
ultra96	22	77
AppStoreConnect	4	77
ARCore	61	77
MicrosoftGraph	32	77
wasm	22	77
AndroidThings	62	77
LPWA	21	77
クリーンアーキテクチャ	58	77
LoRa	39	77
Gazebo	20	77
WindowsServer2012R2	6	77
Autoencoder	13	77
Java9	32	77
OAuth2.0	6	77
ハイブリッドアプリ	31	77
オブジェクト	3	77
gitbook	65	77
プログラム	5	77
AOJ	13	77
Push	2	77
RDKit	15	77
AmazonWebServices	3	77
OpenWeatherMap	11	77
logger	2	77
dictionary	0	77
macro	10	77
CakePHP4	9	76
Optuna	37	76
rails5.2	2	76
Lighthouse	6	76
SpeechToText	8	76
Ubuntu16.04LTS	3	76
CloudWatchEvents	3	76
ビット演算	10	76
State	0	76
移行	0	76
Ruboty	47	76
例外処理	9	76
serial	2	76
artisan	2	76
mint	21	76
sentry	26	76
NetCDF	9	76
読書会	6	76
BEAR.Sunday	36	76
GIMP	38	76
package.json	6	76
iPhone開発	9	76
MP3	4	76
Delegate	11	76
フォーム	6	76
StackOverflow	22	76
ExtJS	31	76
root	15	76
PyPI	8	76
M5stickV	53	75
RemoteDevelopment	3	75
SAPCloudplatform	14	75
AWSCloud9	19	75
生産性向上	27	75
FEM	31	75
Functions	5	75
OpenCV-Python	22	75
pm	39	75
Get	1	75
ethernet	6	75
Blockly	21	75
commit	0	75
仕様書	42	75
DataTables	29	75
apache-camel	60	75
ping	5	75
filesystem	7	75
iframe	5	75
Galaxy	4	75
table	0	75
hub	12	75
logback	11	75
bundle	2	75
要望	6	75
Cucumber	44	75
なでしこ	17	75
VirtualCast	13	74
気象データ	5	74
modeler	2	74
暗号通貨	35	74
FirebaseStorage	2	74
Draw.io	57	74
PHP5.6	2	74
DNN	13	74
annotation	3	74
Workflow	16	74
WebP	11	74
コメント	4	74
静的サイトジェネレーター	17	74
Wildfly	29	74
Management	17	74
mount	5	74
jetty	30	74
圧縮	8	74
grub	5	74
Espresso	26	74
finder	4	74
SOAP	14	74
PyBegi	0	73
勉強用メモ	1	73
VeeValidate	6	73
Darknet	24	73
FirebaseRealtimeDatabase	10	73
junit5	3	73
webpack-dev-server	4	73
MarkLogic	34	73
ergodox	54	73
AdventCalendar2015	6	73
感情分析	31	73
ローカル開発環境	4	73
就活	6	73
インターン	6	73
クローリング	29	73
rsyslog	18	73
drone.io	53	73
IaC	9	73
domain	5	73
gpg	14	73
ソースコード	23	73
リバースプロキシ	9	73
Protocol	9	73
sublime	173	73
note	9	73
encoding	6	73
ZendFramework	61	73
Kinx	2	72
LINEThings	26	72
RPAツール	5	72
HeadlessCMS	41	72
NatureRemo	65	72
教師あり学習	9	72
競馬	59	72
Rocket.Chat	65	72
Function	0	72
SIMD	27	72
JFreeChart	0	72
branch	0	72
etcd	66	72
インターネット	9	72
GNU	17	72
TCPIP	21	72
Seasar2	27	72
wiki	21	72
hardware	7	72
Julius	54	72
JAX-RS	39	72
OpenGLES	35	72
spock	29	72
OpenMP	47	72
ローコード	14	71
EgretEngine	5	71
THETAPlugin	18	71
YYPHP	33	71
#RubyOnRails	4	71
FirebaseAnalytics	22	71
Botbuilder	7	71
uiflow	19	71
#Unity	9	71
OpenCV3	29	71
cargo	6	71
基礎知識	2	71
新機能	2	71
IaaS	13	71
Spine	44	71
syslog	13	71
thunderbird	19	71
jsonschema	29	71
スマホ	2	71
日本語入力	3	71
仕事	12	71
mysql2	0	71
sshd	3	71
VB	76	71
Munin	68	71
Nagios	70	71
Vercel	40	70
GithubDesktop	6	70
ibmcloudprivate	8	70
timerEvent	1	70
新人エンジニア	17	70
情報処理安全確保支援士	37	70
Nordic	6	70
障害対応	13	70
vCenter	7	70
Cesium	19	70
個人的なメモ	1	70
Generics	6	70
pm2	9	70
playground	14	70
Ceph	27	70
exception	2	70
ドキュメンテーション	6	70
音声処理	29	70
NiftyCloud	14	70
reflection	2	70
プロキシ	5	70
vyatta	33	70
commandline	5	70
idea	12	70
mongoid	12	70
button	1	70
navigation	1	70
Guard	6	70
cp4d	6	69
名古屋のIoTは名古屋のOSで	4	69
Growi	45	69
form_with	0	69
Simulink	33	69
作業効率化	9	69
SIer	19	69
WebBluetooth	21	69
無料	6	69
ハッシュ	3	69
dashDB	12	69
mistake	1	69
webserver	0	69
Huawei	7	69
オセロ	5	69
CCNA	24	69
通信	10	69
Tikz	20	69
Z80	12	69
Revel	49	69
MFC	52	69
比較	2	69
haproxy	61	69
絵文字	8	69
Octopress	49	69
BigSur	4	68
AP試験学習記録	0	68
Combine	11	68
flutter_web	17	68
MagicLeap	9	68
RaspberryPi1	1	68
転移学習	19	68
zOS	18	68
aarch64	6	68
Shortcuts	40	68
Chrome拡張	8	68
ECMAScript2015	9	68
randomForest	16	68
将棋	25	68
ecto	7	68
大学生	3	68
EV3RT	8	68
NativeScript	83	68
spigot	27	68
主成分分析	8	68
MVP	8	68
ffi	2	68
MT4	65	68
lgtm	12	68
リンク集	4	68
数式	10	68
ベイズ	29	68
テキストマイニング	48	68
auth	0	68
File	2	68
FRP	59	68
環境設定	4	68
やってみた	0	68
Bootcamp	9	68
snippet	1	68
Ember.js	53	68
AP試験学習記録30年秋	0	67
AP試験学習記録31春	0	67
KubeWeekly	57	67
blueprism	26	67
vui	15	67
ポケモン	14	67
XOR	0	67
migrate	1	67
クロージャ	7	67
PLC	39	67
K-means	4	67
決定木	11	67
nat	0	67
yocto	51	67
負荷テスト	26	67
AIX	29	67
APNS	12	67
データマイニング	72	67
Hibernate	39	67
bdd	14	67
greasemonkey	29	67
CouchDB	12	67
create	0	67
PCL	61	67
hoge	2	67
STM32CubeIDE	9	66
MLOps	36	66
Ktor	47	66
OpenSiv3D	24	66
spherepts	1	66
SwiftLint	32	66
Materialize	20	66
Botkit	33	66
vte.cx	1	66
線形回帰	1	66
Editor拡張	4	66
abap	43	66
IchigoJam	22	66
バックエンド	9	66
esa.io	50	66
リダイレクト	3	66
ゲームAI	25	66
JSTQB	16	66
MySQLWorkbench	7	66
libGDX	66	66
DevTools	5	66
AndroidWear	55	66
repository	1	66
DigitalOcean	52	66
reCAPTCHA	4	66
CentOS6.5	5	66
wxpython	24	66
mediawiki	29	66
RS232C	6	66
Padrino	55	66
Blender2.8	5	65
Angular7	4	65
SemanticSegmentation	16	65
仙台CTF	1	65
Codable	3	65
PHP8	18	65
Laravel5.3	8	65
pyautogui	26	65
ラジオ	4	65
PMBOK	21	65
googletest	8	65
Miniconda	5	65
探索	14	65
stylelint	12	65
Client	0	65
見積もり	38	65
標準入力	2	65
pyenv-virtualenv	6	65
微分方程式	16	65
asciidoctor	56	65
レコメンド	27	65
採用	30	65
デュアルブート	6	65
Object	4	65
プログラミング入門	10	65
streaming	33	65
QRコード	6	65
FirefoxOS	43	65
Sencha	36	65
multiprocessing	10	65
BIOS	6	65
skype	22	65
Fiddler	21	65
telnet	6	65
dnsmasq	8	65
highcharts	41	65
hosts	1	65
mod_rewrite	9	65
ふくだ学習録	0	64
WebArena	0	64
Unity2019	3	64
Spresense	36	64
GoogleAppMaker	71	64
NefryBT	9	64
HerokuCLI	0	64
mobx	38	64
janome	8	64
アクセシビリティ	17	64
borgCommSystem1	1	64
フーリエ変換	6	64
namespace	2	64
OneDrive	13	64
Pharo	19	64
cloud-init	18	64
ReactiveProperty	45	64
Monad	5	64
コンピュータ将棋	27	64
Opal	40	64
Guzzle	11	64
カンファレンス	14	64
写経	1	64
UILabel	1	64
Passport	11	64
Starling	12	64
POI	20	64
timemachine	5	64
text	1	64
blob	2	64
grape	9	64
k3s	21	63
PHP7.4	2	63
構造化データ	8	63
PowerBIDesktop	11	63
Gutenberg	17	63
WebExtensions	20	63
NeuralNetworkConsole	47	63
integromat	33	63
医療	5	63
PostgreSQL10	6	63
embarcadero	8	63
Ambient	13	63
OctoberCMS	13	63
ビジュアルプログラミング	11	63
プロダクトマネージャー	46	63
静的解析	10	63
NiFi	38	63
Bokeh	36	63
RealmSwift	9	63
Scoop	45	63
フィボナッチ数列	4	63
TWE-Lite	46	63
index	3	63
service	1	63
big-ip	30	63
Hexo	49	63
AssetStore	10	63
決済	32	63
WindowsForm	18	63
sendmail	8	63
Keynote	22	63
Weblogic	20	63
graphite	21	63
history	2	63
tag	0	63
DatePicker	1	63
select	0	63
sandbox	2	63
Solaris	46	63
envoyproxy	7	62
goland	10	62
cats	3	62
Dynamics365	35	62
Manjaro	22	62
DB設計	10	62
npm-scripts	20	62
nefry	20	62
laravel5.2	7	62
ConohaVPS	5	62
EffectiveJava	1	62
有限要素法	32	62
pic	43	62
pulp	13	62
youtube-dl	13	62
検索エンジン	16	62
Qnap	47	62
installer	3	62
Carbon	2	62
OSC	21	62
勉強会メモ	1	62
powerline	18	62
knife-solo	14	62
doxygen	49	62
Parallels	32	62
Temenos	0	61
Composition-API	7	61
JDLA認定プログラム	4	61
AndroidX	13	61
Unity2018	5	61
awx	18	61
reactnavigation	2	61
Ionic3	6	61
Win10(64bit版)	3	61
Laravel-Mix	3	61
CraftCMS	10	61
hyper	52	61
nanopineo	14	61
独学	12	61
QuickSight	19	61
chalice	15	61
css-modules	9	61
loadbalancer	1	61
スクラムマスター	9	61
静岡	3	61
Recommendation	11	61
nutanixce	10	61
演算子	1	61
SDカード	4	61
Dialog	0	61
赤外線リモコン	3	61
バイナリ	9	61
gamedev	4	61
Filter	0	61
正規化	6	61
protobuf	18	61
SMS	9	61
コミュニティ	5	61
スクレイピングツール	16	61
セミナー	1	61
capistrano3	6	61
Hue	27	61
Selenium2	39	61
ReactiveCocoa	113	61
UIButton	2	61
用語集	5	61
GDAL	16	61
.NETFramework2.0	0	60
RHEL8	3	60
ROCm	14	60
TPU	14	60
SATySFi	29	60
SaaSforce	2	60
minishift	3	60
MessagingAPI	5	60
fastText	31	60
ConvolutionalNeuralNetworks	19	60
数理最適化	24	60
資格試験	3	60
decorator	3	60
apk	1	60
crypto	2	60
Autodesk	6	60
書評	12	60
BrowserSync	9	60
モンテカルロ法	20	60
xubuntu	10	60
iP	6	60
Sensu	64	60
BeagleBoneBlack	21	60
test-kitchen	19	60
CloudStack	34	60
Alloy	23	60
VM	3	60
singleton	4	60
HBase	52	60
その他	3	60
やっすん	5	59
M5Atom	24	59
hololens2	12	59
SystemsManager	1	59
Scratch3.0	21	59
vuepress	55	59
超初心者	6	59
vue-test-utils	10	59
testcafe	20	59
hyperapp	74	59
beautifulsoup4	8	59
サーバーレスアーキテクチャ	18	59
listOperation	1	59
FBX	4	59
EntityFramework_Core	11	59
FaceAPI	8	59
Udacity	21	59
OIDC	27	59
enzyme	13	59
CloudNative	10	59
Inspector	6	59
AssetBundle	6	59
swap	2	59
AmazonSNS	6	59
lcd	1	59
wysiwyg	4	59
widget	2	59
nyagos	22	59
ランキング	5	59
ssh-keygen	5	59
タグ	1	59
Collection	1	59
robolectric	9	59
P2P	28	59
Babylon.js	22	59
PySide	41	59
for	0	59
icon	5	59
WinMerge	15	59
theme	0	59
GSON	5	59
AppleSilicon	20	58
MetricFire	3	58
iOS12	8	58
じゃんけん	0	58
LoRaWan	31	58
docker-for-mac	4	58
#php	5	58
Shift_JIS	4	58
品質	17	58
Aurelia	67	58
ATtiny85	6	58
セッション	5	58
scl	2	58
DX	10	58
面接	7	58
GraphAPI	6	58
言語	5	58
問題解決	2	58
Pi	14	58
SemanticUI	60	58
gtk	13	58
メール送信	5	58
ipython_notebook	43	58
Charles	36	58
Flyway	22	58
コンソール	2	58
Monacoin	24	58
phpbrew	4	58
linuxbrew	25	58
mixin	1	58
MessagePack	24	58
Refactoring	6	58
ニコニコ動画	37	58
paperclip	1	58
port	7	58
TestFlight	85	58
casperJs	44	58
AP試験学習記録30年春	0	57
PoseEstimation	19	57
OpenChainProject	11	57
Gravio	10	57
量子計算	14	57
macOSHighSierra	2	57
ゼロから作るDeep-Learning	15	57
ConstraintLayout	8	57
Concourse	44	57
GitHubAPI	5	57
Oracle11g	2	57
プロダクトマネジメント	37	57
accessibility	18	57
homekit	42	57
Query	1	57
交流会	1	57
Knowledge	31	57
minio	17	57
statsmodels	18	57
スコープ	1	57
DockerSwarm	12	57
Windows10IoTCore	31	57
マルコフ連鎖	20	57
UbuntuMATE	1	57
clipboard	0	57
WebSpeechAPI	13	57
振り返り	2	57
投資	23	57
Moodle	29	57
junos	34	57
seccon	15	57
spring-batch	26	57
winscp	15	57
ls	1	57
研修	16	57
Material	12	57
Slim3	22	57
ISO	11	57
drbd	28	57
プロセス	4	57
Tor	49	57
TeraTermMacro	11	57
on	1	57
jubatus	41	57
merge	3	57
SenchaTouch	21	57
量子情報	5	56
合格体験記	4	56
SIGNATE	27	56
英語学習	19	56
Unity2017	8	56
Lambda@Edge	5	56
Lidar	15	56
TinkerBoard	28	56
mind	9	56
N予備校	32	56
自動運転	24	56
GoogleDriveAPI	14	56
PCA	6	56
foreach	1	56
Crowi	55	56
download	11	56
SpringSecurity	8	56
カスタマイズ	0	56
driver	2	56
プロトタイピング	9	56
QAエンジニア	66	56
ArduinoUno	2	56
WEBサーバ	1	56
ビルド	3	56
WinForms	6	56
redmine_plugin	13	56
UUID	5	56
いいね	9	56
force.com	44	56
64bit	4	56
AMD	10	56
ami	3	56
GoogleCalendarAPI	17	56
社内勉強会	10	56
Mechanize	11	56
ML	26	56
task	1	56
WebKit	14	56
doctrine	13	56
Podman	23	55
nRF52840	4	55
adoptopenjdk	2	55
ICOS	0	55
プロを目指す人のためのRuby入門	77	55
ESP-IDF	14	55
Rider	25	55
自動更新	1	55
条件分岐	0	55
alpinelinux	28	55
モーター制御	8	55
fitbit	48	55
ストレージ	3	55
VisualC++	11	55
REMI	1	55
nodist	8	55
ReactiveX	40	55
goroutine	2	55
変換	1	55
psql	5	55
Eclipseプラグイン	10	55
julialang	25	55
SinglePageApplication	22	55
アクセス解析	25	55
minecraftforge	8	55
データ	5	55
クロスプラットフォーム	6	55
mavericks	7	55
MCMC	55	55
expression	6	55
NGUI	22	55
Theano	46	55
ancestry	0	55
Read	0	55
MathJax	9	55
VRoid	18	54
mapbox-gl-js	14	54
prophet	25	54
titanic	2	54
因果推論	28	54
ドローン	15	54
XD	65	54
mecab-ipadic-neologd	7	54
CAD	11	54
Timestamp	1	54
doc2vec	40	54
it	1	54
ターミナルコマンド	2	54
systemd-nspawn	12	54
コンピューターサイエンス	26	54
アノテーション	2	54
仮想マシン	6	54
PEP8	13	54
DeepSecurity	14	54
WolframAlpha	2	54
マークアップ	21	54
vmware_player	5	54
課題	1	54
画面遷移	1	54
Protractor	24	54
ソフトウェア	2	54
aes	2	54
Hosting	7	54
カンバン	12	54
v8	12	54
改行コード	3	54
seed	1	54
tree	1	54
Physics	12	54
コンパイル	2	54
whenever	0	54
Iterator	1	54
altjs	16	54
chat	7	54
はてなブログ	9	54
inkscape	15	54
競プロ参戦記	1	53
buster	2	53
Transformer	25	53
Intune	14	53
計算物理学	70	53
Stretch	1	53
VGG16	4	53
PyStan	4	53
NaN	2	53
JenkinsPipeline	4	53
Filebeat	3	53
SQLDatabase	4	53
symfony3	9	53
オフショア開発	14	53
shadertoy	15	53
ADX2LE	6	53
LAMP環境	4	53
DataSpider	32	53
再帰関数	10	53
OkHttp	9	53
Numba	17	53
SmartGit	1	53
読み方	1	53
MQL4	74	53
スレッド	2	53
U-boot	13	53
cs-cart	12	53
課金	15	53
jar	1	53
modal	1	53
MapKit	8	53
InnoDB	9	53
Doma	31	53
email	9	53
glitch	43	53
Parser	7	53
LLDB	9	53
SakuraVPS	5	53
rdf	31	53
manim	1	52
Vue3	9	52
Qiita夏祭り2020_パソナテック	26	52
microCMS	26	52
Autonomous	1	52
PlayFab	17	52
AzurePipelines	13	52
Wagtail	14	52
CEK	12	52
DAX	27	52
Keras2.0	4	52
働き方改革	23	52
駅すぱあと	4	52
Authorization	3	52
asyncio	6	52
二分探索	2	52
Zephyr	15	52
VisionAPI	5	52
rollup.js	40	52
MariaDB10	4	52
swarm	15	52
三項演算子	4	52
DBaaS	8	52
システムトレード	76	52
dbpedia	8	52
interview	0	52
secureCoding	3	52
grid	7	52
float	0	52
LAN	9	52
ダウンロード	4	52
networkmanager	5	52
TextToSpeech	4	52
middleware	1	52
mining	12	52
ルータ	5	52
yubikey	33	52
ruby-build	0	52
多言語	3	52
DDNS	8	52
sox	10	52
WebWorker	16	52
Dvorak	14	52
独自ドメイン	7	52
grunt.js	34	52
LinuxMint	13	52
OpenID	53	52
OneLiner	10	52
webdav	8	52
EPUB	46	52
UITextField	1	52
Recoil	19	51
アドベントカレンダー2020	2	51
ARFoundation	18	51
sipeed	13	51
LSP	15	51
graalvm	45	51
Capacitor	19	51
chainerRL	10	51
CSVインポート	1	51
bitflyer	20	51
juman++	12	51
Zenject	29	51
プリザンター	27	51
浮動小数点数	3	51
pokemon	12	51
AzureIoTHub	14	51
DroidKaigi	15	51
hanami	47	51
文法	1	51
vtk	17	51
freee	23	51
Fortran90	11	51
IT教育	0	51
OWASP_ZAP	35	51
FMX	8	51
セットアップ	2	51
iCloud	8	51
PageSpeedInsights	7	51
基本情報処理技術者試験	50	51
Foundation	33	51
アドテク	62	51
bcrypt	4	51
Registry	2	51
vsftpd	4	51
REPL	9	51
poltergeist	8	51
バージョンアップ	0	51
RequireJS	28	51
置換	1	51
startup	33	51
SDL	28	51
cocos2d	114	51
Closure	19	51
ビルド数式	1	50
Symfony4	9	50
FIDO	17	50
Pleasanter	13	50
LocalStack	16	50
CuPy	18	50
VisualStudioForMac	17	50
NanoPi	13	50
folium	15	50
projectmanagement	2	50
QuantumChemistry	3	50
ASTERIA	24	50
バッチ処理	5	50
AppleDeveloperProgram	8	50
DSP	16	50
テストコード	2	50
docomoAPI	14	50
Transaction	4	50
Handsontable	23	50
小技	6	50
GoogleContainerEngine	41	50
systemctl	4	50
Nexus	5	50
static	1	50
試験勉強	0	50
URI	1	50
UserDefaults	8	50
VLC	5	50
certificate	4	50
h2	9	50
argparse	3	50
品質管理	19	50
Eigen	31	50
wsgi	4	50
XLSX	2	50
tornado	42	50
Parallel	8	50
elisp	32	50
RaspberryPiPico	17	49
whi-advent	0	49
oracle19c	2	49
code-server	13	49
DeepRacer	20	49
Zulu	0	49
athrill	11	49
LiveData	2	49
Q#	51	49
ERC20	12	49
Rook	7	49
CustomVisionService	4	49
分子動力学法	17	49
DCGAN	20	49
開発日誌	1	49
C#小品集シリース	7	49
就職	4	49
ペアプログラミング	10	49
DirectX11	28	49
シビックテック	5	49
学習方法	20	49
WindowsServer2016	3	49
Selenide	33	49
MicrosoftAzure	5	49
Optimization	7	49
xbrl	30	49
#docker	6	49
mermaid.js	32	49
Vault	39	49
NUC	7	49
tsv	1	49
レジストリ	3	49
略語	0	49
Filezilla	2	49
海外	7	49
BurpSuite	25	49
QML	25	49
aosp	12	49
開発手法	4	49
Socket通信	5	49
FacebookGraphAPI	6	49
時系列データ	10	49
OpenCvSharp	11	49
スクリプト	1	49
indesign	48	49
Layout	0	49
CDH	11	49
switch	0	49
ClouderaManager	4	49
Xfce	9	49
研究	18	49
GlusterFS	34	49
GCM	4	49
Codec	3	49
サンプル	2	49
JailBreak	18	49
Silex	26	49
tumblr	41	49
zf2	27	49
Vimperator	38	49
Varnish	59	49
E資格認定プログラム	0	48
iPadOS	8	48
DataRobot	8	48
architecture-components	6	48
データべース設計	6	48
QnAMaker	18	48
Corda	13	48
AzureAutomation	2	48
モチベーション	5	48
イベントレポート	1	48
TSLint	7	48
Boostnote	80	48
Xamarin.iOS	7	48
nrf52	7	48
owasp	15	48
serialize	0	48
#rails	2	48
設計書	49	48
effectiveCpp	5	48
構造体	1	48
Lego	19	48
YoutubeDataAPIv3	1	48
HDP	7	48
Studio	11	48
チャット	1	48
Torch	17	48
Dataset	4	48
vector	3	48
pagination	1	48
corosync	13	48
report	2	48
QiitaTeam	17	48
モデル	0	48
Hdfs	11	48
VCL	6	48
アプリ内課金	27	48
ssreflect	12	48
パターンマッチ	3	48
CoreGraphics	3	48
ctags	14	48
Swing	20	48
Doctrine2	16	48
modeling	8	48
redirect	0	48
シンボリックリンク	4	48
If	1	48
monit	19	48
as3	17	48
PC	0	48
NetBackup	2	47
Angular8	2	47
プログラミングスクール	4	47
SESAME	20	47
俺言語	2	47
AV1	8	47
OData	18	47
pix2pix	10	47
SDR	8	47
AzureLogicApps	13	47
JetsonTX1	16	47
CloudVisionAPI	18	47
brainfuck	12	47
ElasticsearchService	5	47
PWM	3	47
情シス	38	47
Bazel	26	47
簡単	0	47
VcXsrv	9	47
MSX	7	47
eZPublish	1	47
laravel5.1	3	47
form_for	0	47
ksnctf	1	47
CodeIgniter3	18	47
webcam	3	47
Snapshot	0	47
crawler	12	47
warning	0	47
Format	0	47
ActiveJob	3	47
GIFアニメ	5	47
ページネーション	2	47
decode	4	47
MIPS	6	47
AngularDart	35	47
転職活動	15	47
歴史	10	47
検証	1	47
openSUSE	20	47
ActionScript3	11	47
GLFW	12	47
開発環境構築	1	47
yahoo	22	47
UIWebView	3	47
PDF出力	3	47
bash_profile	4	47
UIImage	2	47
JavaScirpt	10	47
Data	6	47
callback	4	47
jQueryMobile	129	47
print	1	47
AP試験学習記録29年秋	0	46
今読んでおくべき記事１００選	5	46
DepthEstimation	0	46
WebAuthn	17	46
SikuliX	30	46
google-home-notifier	15	46
bukuroswift	1	46
WebAR	35	46
Polly	12	46
#C#	3	46
ITパスポート	13	46
テーブル	0	46
tf-idf	6	46
#Linux	5	46
JobScheduler	9	46
BTC	11	46
operator	6	46
Pyaudio	8	46
Pardot	12	46
this	1	46
SOLID	3	46
psycopg2	2	46
USBメモリ	1	46
WiXToolset	11	46
onlineTool	4	46
#Swift	6	46
VirtualHost	1	46
cmder	35	46
サンプルコード	2	46
Procedure	1	46
RStan	24	46
秘密鍵	3	46
GoogleBigQuery	87	46
リリース	2	46
QtCreator	18	46
SDN	36	46
glut	3	46
spf	8	46
coverage	2	46
情弱	3	46
power-assert	18	46
新人研修	40	46
ウォーターフォール	6	46
Struts	31	46
favicon	3	46
beamer	25	46
time	0	46
yesod	28	46
lwc	9	45
ABEJAPlatform	3	45
zabbix4.0	4	45
laravel-admin	11	45
HangoutsChat	20	45
Tinkercad	6	45
GooglePlayConsole	4	45
Danger	8	45
演習問題	0	45
gulp4	2	45
Addin	1	45
GoogleDataStudio	55	45
DataStudio	28	45
CloudShell	3	45
ionic2	19	45
redux-form	4	45
NCL	3	45
自作OS	21	45
urllib	0	45
goenv	3	45
wikidata	4	45
prototype	4	45
queue	0	45
XWindowSystem	3	45
Zeppelin	14	45
最小二乗法	1	45
ポリモーフィズム	2	45
ingress	14	45
Application	0	45
Kerberos	7	45
OracleLinux	2	45
ライフゲーム	8	45
学生	3	45
LDA	16	45
EditorConfig	25	45
円周率	5	45
sip	23	45
非同期	2	45
rebase	0	45
wav	1	45
ネットワーク分析	26	45
ipv4	3	45
Proguard	6	45
DELL	6	45
RasberryPI	19	45
irb	0	45
Ricty	9	45
Corona	22	45
cloudinary	15	45
copy	2	45
Wicket	40	45
Dlanguage	49	45
データサイエンス100本ノック	5	44
俺cpu	0	44
ディジタル回路	0	44
MediaPipe	9	44
ArgoCD	7	44
kustomize	17	44
FirebaseAuthentication	2	44
ShaderGraph	10	44
segmentation	8	44
自作言語	15	44
TensorFlow1.2	0	44
pyside2	10	44
ApacheBeam	32	44
Bolt	5	44
yarnpkg	32	44
GenerativeArt	11	44
アロー関数	5	44
SpeechRecognition	9	44
デザイナー	9	44
goofys	5	44
ProgressiveWebApps	81	44
fortigate	28	44
oled	1	44
物理学	23	44
RestAPI	4	44
導入	0	44
bibtex	7	44
インデックス	1	44
#html	4	44
NeoPixel	9	44
忘備録	0	44
token	1	44
YahooAPI	8	44
Jessie	3	44
portforward	2	44
GeoCoding	3	44
SupportLibrary	2	44
画像アップロード	0	44
テストケース	19	44
アソシエーション	2	44
Aura	6	44
Prezto	4	44
ALSA	2	44
dd	3	44
キャプチャ	0	44
パッケージ管理	1	44
cryptography	4	44
TTS	7	44
確率分布	6	44
EOS	11	44
Nmap	12	44
conemu	22	44
Pleiades	17	44
mockery	1	44
neon	3	44
ZooKeeper	28	44
xib	3	44
UITableViewCell	4	44
libvirt	14	44
git-svn	18	44
localization	8	44
method	1	44
Gauche	67	44
ServiceNow小ネタ	0	43
Streamlit	27	43
debian10	0	43
E検定	5	43
glideapps	26	43
令和	0	43
Quarkus	41	43
LightningWebComponents	4	43
EntityComponentSystem	11	43
AlibabaCloud学習日誌	2	43
algolia	15	43
バイオインフォマティクス	9	43
BlobStorage	1	43
Wemos	0	43
filemakergo	1	43
IoTHub	8	43
Lightningコンポーネント	14	43
自宅サーバー	12	43
dotnet	8	43
作ってみた	0	43
seq2seq	14	43
教師なし学習	12	43
Home@KAIT	7	43
CocosCreator	27	43
Retrofit2	2	43
memoryLeak	0	43
クリスマス	1	43
CIFAR-10	2	43
leJOS	5	43
D言語くん	8	43
高階関数	7	43
9VAe	4	43
join	0	43
sensor	3	43
デバイスドライバ	11	43
Thingspeak	15	43
データ型	1	43
文系	12	43
saa	1	43
motion	4	43
CloudWatchLogs	4	43
myMemo	0	43
asp	14	43
温度センサー	3	43
VMware_vSphere	7	43
キーバインド	1	43
beacon	10	43
Readme	5	43
データ解析	9	43
ScrollView	0	43
2進数	0	43
Cardboard	16	43
営業	2	43
loopback	53	43
トピックモデル	10	43
レプリケーション	6	43
mailcatcher	4	43
LabVIEW	57	43
appstream	0	43
Scala.js	20	43
cakephp2.x	4	43
Web開発	11	43
Explorer	2	43
Calc	3	43
Snap	13	43
起業	30	43
Spyder	22	43
jQueryプラグイン	2	43
2D	1	43
monolog	5	43
AST	6	43
算数	4	43
rtmp	7	43
ActiveModel	3	43
ファイル	1	43
vlan	8	43
Bioconductor	17	43
coldfusion	24	43
ufw	7	43
TextView	0	43
header	0	43
スマートフォン	5	43
unbound	11	43
在宅勤務	2	42
感染症	0	42
アドベントカレンダー2019	1	42
MVCモデル	3	42
クラウドプラクティショナー	2	42
PostgreSQL12	1	42
MLflow	20	42
Swift4.2	0	42
nvidia-docker2	2	42
webpack4	2	42
AR.js	20	42
XR	15	42
emotion	9	42
VEX	20	42
CertificateManager	0	42
サーバーレス	7	42
cssアニメーション	1	42
redux-thunk	3	42
iOSDC	21	42
neologd	7	42
ViewCustomizePlugin	10	42
renesas	5	42
5G	22	42
errorMessage	1	42
MkDocs	32	42
認可	9	42
Deployer	15	42
Tomcat8	0	42
textlint	44	42
Splatoon	16	42
bom	0	42
BGP	13	42
カーネル	8	42
ArcGIS	21	42
pyserial	2	42
8946	0	42
indy	1	42
30日でできる！OS自作入門	6	42
Room	8	42
CQRS	21	42
Ripple	23	42
scaffold	2	42
ファイルシステム	9	42
cd	7	42
カルマンフィルター	10	42
XP	9	42
atom-shell	66	42
jacoco	5	42
upload	1	42
PyQt	25	42
DBUnit	15	42
アセンブリ言語	11	42
dokku	28	42
jit	4	42
developer	3	42
pentaho	37	42
Turnip	25	42
boto	8	42
マニュアル	1	42
japanese	4	42
gasja	18	42
transition	2	42
TortoiseSVN	22	42
SketchUp	9	42
clone	1	42
jsonp	8	42
NeosVR	5	41
JetpackCompose	6	41
jetbot	5	41
freeeAPI	2	41
TechExpert	2	41
ダークモード	1	41
anaconda3	3	41
量子アルゴリズム	11	41
oracle18c	2	41
cocoaswift	0	41
Tilemap	2	41
MediaLive	3	41
ObjectDetectionAPI	4	41
graphql-ruby	7	41
StreamRelay.NET.exe	0	41
マストドン	9	41
スマートホーム	23	41
rails5.1	0	41
Greengrass	10	41
監視ツール	2	41
GroupBy	0	41
QUIC	32	41
HID	6	41
SwiftPM	40	41
LightningNetwork	9	41
Swift2.2	2	41
borgBYOP	1	41
タスクスケジューラ	4	41
UITest	2	41
Interpreter	2	41
qt5	4	41
プロデル	6	41
多変量解析	17	41
Python,	2	41
headless	2	41
リフレクション	4	41
nginx-proxy	3	41
selector	0	41
Native	6	41
ABテスト	6	41
Jenkinsプラグイン	5	41
typo	0	41
iPhoneアプリ	2	41
OpenVSwitch	26	41
OpenJTalk	11	41
電子署名	8	41
スキルアップ	19	41
アプリケーション	1	41
littleBits	34	41
SDL2	10	41
Ace	13	41
プログラミングコンテスト	14	41
replication	0	41
Mate	5	41
geocoder	5	41
MEAN	54	41
覚書	0	41
プルリクエスト	3	41
CKEditor	4	41
Fcitx	3	41
YOLP	10	41
FlashAir	29	41
Celery	11	41
pixiv	24	41
metaprogramming	4	41
LTSV	23	41
mod_wsgi	3	41
CentOS5	2	41
Remote	1	41
simple_form	7	41
CoreAnimation	9	41
man	3	41
pear	9	41
environment	1	41
keepalived	19	41
IRC	40	41
Resque	7	41
AP試験学習記録28年秋	0	40
Django3.0	1	40
CommonDataService	8	40
PostgreSQL11	1	40
Dataiku	36	40
KatalonStudio	16	40
strapi	27	40
NintendoSwitch	10	40
session-manager	0	40
ModernFortran	20	40
エンジニアリングマネージャー	12	40
Movidius	33	40
JetsonTX2	14	40
Polymer2.0	4	40
ResNet	2	40
Ryzen	3	40
GoogleDomains	5	40
pybind11	8	40
Googlefonts	2	40
ev3dev	3	40
rancheros	24	40
firebase-tools	3	40
timeline	0	40
glTF	23	40
Exoplayer	8	40
magenta	30	40
Overleaf	9	40
顔検出	5	40
daydream	14	40
ECHONET	17	40
E2Eテスト	1	40
arxiv	10	40
DBeaver	24	40
fisherman	6	40
Quantopian	29	40
pwn	1	40
VirtualMachine	0	40
Cinema4D	41	40
dp	1	40
PCB	13	40
techacademy	1	40
mouse	2	40
プロンプト	0	40
LotusNotes	13	40
AdminLTE	25	40
wps	0	40
junit4	3	40
業務改善	17	40
DFS	0	40
XMLHttpRequest	5	40
zenhub	25	40
xfs	8	40
RxAndroid	44	40
技術的負債	20	40
rpmbuild	1	40
Phaser	41	40
速度改善	13	40
DataPipeline	9	40
オンラインゲーム	5	40
ビジネス	5	40
プロパティ	0	40
laravel4	1	40
並行処理	9	40
Marketing	8	40
hack	37	40
cocos2dx	37	40
smb	5	40
classification	5	40
KPT	13	40
リポジトリ	2	40
macbookair	4	40
管理画面	4	40
ag	10	40
インタプリタ	5	40
chmod	3	40
forever	3	40
can	25	40
steam	12	40
JNI	5	40
meetup	0	40
l2tp	5	40
Trac	17	40
addon	1	40
Geb	25	40
knife	9	40
webpay	46	40
reference	0	40
pyramid	34	40
K210	6	39
python3.8	1	39
bootstrapVue	8	39
Ruby2.5.1	1	39
CNCF	14	39
蟻本	3	39
ViewModel	0	39
KotlinNative	38	39
react-navigation	4	39
cocoastudy	1	39
非同期通信	0	39
回帰	2	39
SFDX	5	39
StackdriverLogging	5	39
RayTracing	8	39
pgadmin4	6	39
PHP7.1	5	39
x-ray	5	39
Akka-HTTP	12	39
DirectX12	42	39
Kotlinkoans	0	39
＃git	1	39
ルーター	3	39
アドベントカレンダー	1	39
AppDevelopment	0	39
GNS3	22	39
パーセプトロン	4	39
GmailApi	2	39
Debian8	0	39
dwh	11	39
CommandPrompt	1	39
GoogleCloudDataflow	27	39
DHT11	3	39
サクラエディタマクロ	10	39
process	0	39
enforce	2	39
仕事効率化	8	39
データセット	3	39
Geolocation	3	39
MuleSoft	22	39
Realtime	2	39
Openlayers	20	39
connpass	5	39
CLion	21	39
locust	11	39
Rendering	5	39
Twitter4J	8	39
初期化	0	39
wkhtmltopdf	11	39
IAP	4	39
brew-cask	10	39
MSBuild	10	39
MSSQL	4	39
checkbox	0	39
メモリ管理	6	39
ssh-agent	3	39
SuperCollider	50	39
開発ツール	13	39
submodule	1	39
tinyMCE	5	39
stash	8	39
Magento	22	39
IE8	3	39
使い方	0	39
phpcs	4	39
AdobeAIR	14	39
setting	0	39
SKK	26	39
trait	2	39
sprockets	2	39
Google日本語入力	10	39
Expect	16	39
help	1	39
FileAPI	3	39
HMS	6	38
PHPの効率的な学習法	9	38
LTE-M	6	38
CloudComposer	4	38
九九	1	38
devise_token_auth	3	38
Lottie	9	38
Singularity	19	38
LPIC101	3	38
サーバレス	5	38
AWS-Batch	13	38
MediaServices	2	38
Baremetal	10	38
FineTuning	4	38
BusinessIntelligence	7	38
DashBoard	5	38
.env	0	38
drag&drop	5	38
オライリー本	6	38
Biopython	26	38
MemSQL	2	38
GR-CITRUS	7	38
keyword	1	38
swagger-ui	2	38
Redis-cluster	6	38
機械翻訳	15	38
appOperation	1	38
Godot	64	38
GC	5	38
Refile	3	38
特許	17	38
論理学	9	38
コンストラクタ	0	38
モジュール	1	38
ソースコードリーディング	11	38
シングルサインオン	7	38
Luigi	45	38
Vivaldi	62	38
NetCommons3	5	38
新人向け	16	38
SQLインジェクション	9	38
インタープリタ	0	38
Responsive	7	38
キーボード設定	1	38
Vanilla.JS	12	38
#Java	9	38
Conference	4	38
Gatling	32	38
avx512	7	38
mashupaward	1	38
型変換	0	38
square	11	38
パケットキャプチャ	9	38
解析	0	38
TOML	31	38
chrony	4	38
teratail	9	38
ndenv	4	38
スライド	4	38
VULTR	29	38
dropwizard	23	38
Goutte	12	38
パターン認識	20	38
cowboy	8	38
hacklang	25	38
clustering	5	38
Jbuilder	3	38
SecurityGroup	0	38
練習	0	38
分類	0	38
UWSC	61	38
documentation	1	38
sshfs	6	38
MonoDevelop	8	38
物理エンジン	8	38
amazonEC2	3	38
ChromeCast	45	38
シェーダー	10	38
Sinon.JS	5	38
pukiwiki	8	38
scroll	1	38
ループ	1	38
Animate	20	38
AudioUnit	11	38
Xplenty	0	37
新型コロナウィルス	3	37
handtracking	3	37
openshift4	5	37
GitOps	10	37
responder	26	37
CLOVA_CEK	6	37
Buefy	11	37
PyMieScatt	1	37
AnsibleTower	4	37
元号	1	37
Snowflake	9	37
CodeStar	6	37
fish-shell	2	37
数学やり直し	20	37
librosa	24	37
Grimoire.js	12	37
convnetjs	0	37
LineLogin	7	37
CognitoUserPools	3	37
dotween	8	37
SwiftPackageManager	22	37
AsciiArt	5	37
数独	0	37
fabo	7	37
#ios	1	37
開発合宿	6	37
組み合わせ	0	37
プログラマー	7	37
ArrayList	0	37
Control	5	37
ダッシュボード	2	37
mkl	4	37
JSON-LD	16	37
rhinoceros	24	37
httpd.conf	0	37
電磁気	5	37
TWELite	7	37
サウンドプログラミング	12	37
reduce	1	37
paraview	21	37
BeanValidation	3	37
request	0	37
APIBlueprint	12	37
shellスクリプト	3	37
Exchange	15	37
スクラム開発	9	37
LifeisTech!	12	37
dnf	8	37
mypy	14	37
ASP.NET_WebAPI	10	37
WebdriverIO	6	37
IDCF	15	37
Nightmare	28	37
Eagle	16	37
glibc	3	37
json-server	5	37
アップデート	0	37
可読性	23	37
immutable-js	20	37
apm	2	37
observer	1	37
GnuPG	18	37
AutoLISP	2	37
mitmproxy	13	37
ポートフォワーディング	3	37
slf4j	5	37
gcpja	37	37
TeraTermマクロ	9	37
ChromeExtension	10	37
LightTable	44	37
boot	5	37
コードゴルフ	9	37
Select2	1	37
Web制作	10	37
log4j	10	37
iterm	21	37
rubykaigi	5	37
Troubleshooting	0	37
MiniMagick	1	37
Range	0	37
CoreLocation	5	37
dotinstall	5	37
COM	12	37
InterfaceBuilder	2	37
AP試験学習記録29年春	0	36
powervs	0	36
PySimpleGUI	33	36
RSGT	0	36
M5Camera	9	36
Corretto	2	36
ionic4	3	36
AuroraServerless	2	36
C++20	31	36
SIRIS	1	36
GameMakerStudio2	25	36
Formik	6	36
Attention	9	36
umum	2	36
OpenCAE	5	36
synology	20	36
Subscription	2	36
ISLisp	6	36
Webカメラ	3	36
mbed-os	2	36
青空文庫	5	36
正規分布	3	36
LUIS	30	36
homebridge	28	36
Computeengine	0	36
確率論	12	36
基本情報	0	36
Basemap	8	36
デザイン,UI,web	8	36
WebPush	4	36
Socialite	1	36
DTM	19	36
RBAC	0	36
nasm	17	36
重回帰分析	4	36
PowerMock	5	36
cairo	2	36
クロスコンパイル	1	36
Dronecode	22	36
payara	7	36
OREILLY	0	36
NAO	9	36
計算機科学	19	36
Kali	51	36
楽天API	15	36
ソーシャルゲーム	6	36
アップロード	0	36
クリップボード	0	36
もくもく会	3	36
Styleguide	5	36
スマートコントラクト	16	36
PX4	12	36
Printer	0	36
RPG	9	36
Click	7	36
podcast	7	36
Freenas	10	36
アスキーアート	3	36
Altera	13	36
CloudSearch	12	36
Lollipop	3	36
レガシーコード	13	36
iSCSI	4	36
Kitematic	21	36
Ridgepole	8	36
削除	0	36
scope	0	36
rtx1200	14	36
レイアウト	1	36
Bridge	1	36
Cybozu	6	36
DataMining	15	36
DDoS	12	36
AVX	15	36
Faraday	2	36
不具合	1	36
sorcery	5	36
javadoc	8	36
SpriteKit入門	20	36
ATS	2	36
TestLink	27	36
LXDE	3	36
権限	1	36
ViewPager	0	36
lucene	18	36
Ibus	5	36
fog	2	36
md5	2	36
NUnit	14	36
neobundle	8	36
AppCode	42	36
transform	1	36
BetterTouchTool	14	36
background	0	36
textarea	1	36
keychain	1	36
#Android	2	36
TryHackMe	6	35
MRTKv2	9	35
TeachableMachine	8	35
タグ説明	3	35
Camera2API	0	35
notch	13	35
appearance	0	35
SwitchBot	14	35
microk8s	11	35
zynqMP	8	35
kubeflow	17	35
イジングモデル	12	35
Angular5	9	35
アルゴリズムとデータ構造	3	35
MobileNet	10	35
debian9	1	35
salome-meca	5	35
VB6.0	8	35
ESModules	3	35
AP	0	35
DFT	3	35
ランダムフォレスト	7	35
datacore	2	35
T-SQL	6	35
AzureBotService	2	35
ServerSideSwift	7	35
ApplicationInsights	3	35
api.ai	51	35
GoogleCloudVisionAPI	25	35
プログラム設計	22	35
オブジェクト指向設計	8	35
nvme	3	35
AlexaVoiceService	18	35
マイクロサービスアーキテクチャ	33	35
yellowfin	12	35
provider	4	35
monorepo	5	35
Resources	1	35
VJ	11	35
ブランチ	0	35
野球	5	35
PyMC3	9	35
Digispark	17	35
FinalIK	10	35
AmazonElasticsearchService	2	35
webdevelopment	1	35
ComputeShader	4	35
honeypot	9	35
,	2	35
ハッキング	25	35
ECDSA	4	35
sha256	1	35
pickle	5	35
Visual	22	35
コンピュータ	4	35
Relay	20	35
HTMLメール	8	35
xlwings	24	35
PDF変換	1	35
ImageJ	19	35
ps	1	35
screenshot	0	35
battery	0	35
WebDesign	3	35
e-Stat	12	35
UITabBarController	1	35
openmpi	6	35
yml	0	35
tcPDF	2	35
WebScraping	6	35
Cytoscape	39	35
ACS	6	35
パッケージ	1	35
BSD	23	35
ContactForm7	2	35
timer	0	35
Puredata	48	35
mdadm	3	35
推薦システム	31	35
言語作成	18	35
HANA	14	35
codeception	23	35
re	1	35
asdf	4	35
subprocess	2	35
zendesk	22	35
ec	15	35
devsumi	3	35
DSL	8	35
configuration	1	35
ablogcms	11	35
WMI	8	35
SynapseAnalytics	1	34
UiPathOrchestrator	8	34
MaixPy	6	34
SignInWithApple	3	34
GoogleIO2019	0	34
DataPortal	15	34
心理的安全性	9	34
CircleCI2.1	0	34
EOSIO	7	34
UniTask	6	34
Knative	32	34
Crostini	17	34
sin	0	34
Akashic	5	34
vega	9	34
bayesian	8	34
xonsh	18	34
Organizations	0	34
codility	3	34
RTKLIB	6	34
beebotte	10	34
ペネトレーションテスト	10	34
複素数	2	34
cfd	6	34
HackerRank	6	34
aliyun	4	34
型推論	8	34
a11y	13	34
DMS	2	34
flake8	0	34
保守	6	34
USキーボード	4	34
AviUtl	27	34
Mautic	23	34
amazons3	0	34
ATmega328P	2	34
NixOS	36	34
CreativeCoding	11	34
#Ubuntu	2	34
微分	6	34
Spinnaker	37	34
silver	0	34
通知	0	34
sdkman	5	34
GoogleSheetsAPI	4	34
コールバック	1	34
サーブレット	5	34
chroot	3	34
Adafruit	7	34
beats	17	34
Forth	17	34
SQLServerManagementStudio	4	34
NIC	0	34
scikit-image	15	34
NW.js	42	34
アンテナ	2	34
ラズベリーパイ	8	34
NSX	13	34
VirtualDom	37	34
UIAlertController	1	34
Kibana4	26	34
モニタリング	13	34
a++	0	34
7zip	3	34
statemachine	3	34
pylint	3	34
素人	1	34
IEEE754	4	34
ディレクトリ	2	34
tracking	0	34
AutoCAD	13	34
MS-DOS	6	34
render	0	34
Typetalk	12	34
WIP	1	34
OpenBSD	32	34
btrfs	9	34
考え方	5	34
プロジェクト	12	34
コルーチン	4	34
Howto	2	34
Comment	1	34
OpenVZ	5	34
クォータニオン	8	34
vcs	3	34
nltk	9	34
php-build	0	34
Internet	2	34
guava	25	34
private	0	34
UXデザイン関連	7	34
情報セキュリティ	7	34
AOP	6	34
style	1	34
thor	6	34
rgb	0	34
Book	15	34
ラビットチャレンジ	0	33
SIRモデル	4	33
protooutStudio	2	33
WebXR	19	33
eccube4	5	33
wasm-bindgen	2	33
Windows10Home	2	33
WatsonAssistant	0	33
ERC721	7	33
AzureAntenna	1	33
quasar-framework	18	33
応用情報	0	33
HAZOP	3	33
aws-amplify	31	33
pySpherepts	1	33
creatus	6	33
ask-cli	1	33
Discovery	6	33
HULFT	3	33
electron-builder	2	33
Hyperledger-composer	4	33
gridlayout	4	33
画像分類	3	33
VAE	9	33
テストマネジメント	6	33
Tango	25	33
YOLOv2	17	33
TouchBar	5	33
N高等学校	24	33
Wolfram	16	33
Authoring	0	33
I2S	6	33
WioNode	18	33
化学	15	33
新卒	2	33
DeveloperTool	10	33
ramda	11	33
AzureResourceManager	9	33
DBMS	1	33
Remix	5	33
Cyberduck	1	33
VerilogHDL	23	33
git-lfs	12	33
swiper	2	33
SIM	6	33
rtx1210	4	33
初心者入門	10	33
猫	10	33
grub2	1	33
Johnny-Five	16	33
flocss	16	33
Meshblu	3	33
helper	0	33
APL	2	33
実装	0	33
Xojo	13	33
リバースエンジニアリング	16	33
upgrade	0	33
Quick	11	33
nova	1	33
VisualStudio2013	6	33
IRKit	30	33
麻雀	17	33
particle	5	33
HDMI	4	33
unixbench	2	33
Rlogin	35	33
法律	11	33
ngx_mruby	5	33
2段階認証	4	33
GoogleApps	23	33
Rename	2	33
amazonses	5	33
indexedDB	28	33
issue	2	33
ElasticIP	0	33
plist	2	33
xcode5	6	33
smartPhone	1	33
kibana3	34	33
pocket	9	33
スクリプト言語	1	33
WinRT	8	33
Quaternion	7	33
behat	11	33
awesome	9	33
actor	5	33
Roslyn	20	33
routes.rb	1	33
nano	9	33
jboss	29	33
x86-64	10	33
UINavigationController	2	33
Matrix	0	33
slice	0	33
global	5	33
tail	4	33
dump	0	33
objectivec	18	33
WioTerminal	12	32
unvt	0	32
AzureSynapseAnalytics	5	32
Veritas	1	32
ショートカットApp	11	32
aws-sam-cli	2	32
credentials	0	32
本番環境	2	32
TIC-80	8	32
Linuxカーネル	7	32
prisma	25	32
MLKit	13	32
環境構築手順	0	32
Open3D	12	32
PC-9801	2	32
kintoneplugin	0	32
Grad-CAM	4	32
runtimeArgument	1	32
ElasticStack	7	32
Workbox	6	32
typora	36	32
IPoE	5	32
fortran2008	2	32
rviz	1	32
VisualProgramming	3	32
GTFS	17	32
AWSBatch	2	32
Autoware	28	32
がじぇるね	3	32
Hammerspoon	14	32
VSTS	10	32
GoogleEarthEngine	21	32
cssフレームワーク	7	32
const	0	32
regularexpression	1	32
WP-REST-API	8	32
python3.x	2	32
microzed	0	32
processing3	6	32
Pointer	1	32
Ambari	7	32
grasshopper	19	32
winAppDev	1	32
patch	1	32
ファイルアップロード	0	32
供養	2	32
ggplot2逆引き	68	32
素因数分解	1	32
VDI	6	32
memoryPalace	0	32
Liferay	14	32
黒魔術	7	32
sds	2	32
#CSS	1	32
SOQL	7	32
パーティション	0	32
Nimble	6	32
gtm	16	32
GoogleSpeechAPI	17	32
php.ini	1	32
Rails4.2	0	32
robotstart	10	32
lazyload	1	32
フラクタル図形	4	32
テンプレートエンジン	2	32
Webフォント	8	32
PDB	0	32
XenServer	8	32
心理学	9	32
WebMIDIAPI	25	32
構成管理	7	32
クイズ	1	32
アンケート	1	32
Mkmapview	1	32
GoogleChart	8	32
ベクトル	2	32
読み物	7	32
SparkFramework	22	32
kmeans	2	32
コード	1	32
fail2ban	12	32
maxima	12	32
scalikeJDBC	10	32
mustache	9	32
CSP	1	32
PHP入門講座	28	32
リーン	11	32
三角関数	1	32
中国語	11	32
DKIM	7	32
日付計算	0	32
macvim	16	32
Cypher	2	32
ENV	0	32
Volley	14	32
解説	0	32
storm	35	32
reportlab	3	32
SBCL	9	32
PHPExcel	15	32
pacman	10	32
d3	121	32
study	1	32
EventListener	2	32
sakura	5	32
Cinder	43	32
UFT	2	31
dotnetcore	0	31
incoming-webhook	2	31
DarkMode	0	31
VFXGraph	4	31
AmplifyConsole	3	31
AmazonWorkSpaces	3	31
Lambda-Layers	0	31
mockmock	2	31
ガウス過程	9	31
100DaysOfCode	1	31
ブラックジャック	0	31
Maplat	1	31
pigpio	8	31
XcodeGen	1	31
cx_Oracle	1	31
Sudachi	16	31
Gatsby.js	8	31
cloudgarage	10	31
Salesforce_DX	3	31
OSI参照モデル	2	31
sakura.io	26	31
ケモインフォマティクス	12	31
高位合成	5	31
mpeg-dash	8	31
Backend	4	31
omise	6	31
エラトステネスの篩	0	31
iris	2	31
es2017	12	31
GoogleAuthenticator	4	31
css-in-js	2	31
MNCTF	0	31
RoBoHoN	25	31
2018	0	31
netflow	5	31
ノンプログラミング	6	31
GetWild	17	31
Forms	6	31
ChatworkAPI	3	31
lifegame	3	31
AWSWAF	1	31
Wake-on-LAN	1	31
EDA	5	31
GoogleCloudSQL	3	31
mindmup	2	31
ゲーム理論	14	31
#MySQL	1	31
自作	4	31
VSTO	14	31
エディター拡張	3	31
参照渡し	0	31
ネットワーク設定	1	31
eccube3	4	31
ファシリテーション	5	31
インターフェース	2	31
金融工学	47	31
PLpgSQL	3	31
sleep	0	31
定数	0	31
local	0	31
NTFS	2	31
ObjCToSwift	1	31
Alfresco	42	31
感想文	0	31
TwitterOAuth	2	31
エスケープ	0	31
Customize	0	31
OpenFlow	39	31
リレーション	0	31
時間	0	31
Andorid	5	31
csh	4	31
ロードバランサー	5	31
レイトレーシング	18	31
virutalbox	4	31
core	1	31
画像加工	6	31
Github-flow	12	31
hta	9	31
ゴミ記事	4	31
SensorTag	20	31
PSR	10	31
UIViewController	2	31
デブサミ	2	31
font-awesome	5	31
tuple	2	31
WebService	3	31
Ghost	22	31
buffalo	0	31
Leiningen	13	31
CDI	9	31
Device	0	31
ZXing	1	31
企画	10	31
convert	0	31
GooglePlayServices	4	31
HashMap	0	31
while	0	31
Perl5	3	31
jMockit	15	31
mintty	13	31
msgpack	10	31
Xvfb	6	31
rails_admin	2	31
Activity	1	31
manual	2	31
SenchaTouch2	15	31
Virtualization	26	31
MacOSBigSur	3	30
cloudpakfordata	0	30
AppSheet	36	30
ServiceNow開発メモ	2	30
スターリンソート	5	30
MagicScript	0	30
Gitpod	21	30
Substrate	8	30
Pyxel	22	30
Max8	16	30
aframe	4	30
formatSpecifiers	1	30
JupyterHub	7	30
Ethercat	8	30
fast.ai	8	30
イーサリアム	6	30
LuaLaTeX	8	30
マイニング	12	30
AzureVM	1	30
FetchAPI	1	30
npx	5	30
VisionFramework	3	30
swtws	48	30
高校数学	1	30
goa	13	30
VIPER	13	30
Todoアプリ	0	30
TableauServer	5	30
slash_command	2	30
stackstorm	26	30
AzureLogAnalytics	2	30
MSC-MOD20	1	30
pxeboot	1	30
スパコン	5	30
GeForce	0	30
FileMakerServer	3	30
MDX	4	30
Listening	0	30
Fortran2003	2	30
CSOM	5	30
GoogleBooksAPI	0	30
TForm	1	30
geopandas	8	30
設定ファイル	1	30
SpatiaLite	5	30
CAE	9	30
toggl	3	30
ExchangeOnline	7	30
加速度センサー	0	30
eZPlatform	3	30
EOL	1	30
テキスト処理	2	30
Firehose	0	30
cifs	3	30
MultiThread	2	30
ペアプロ	4	30
HackMD	27	30
WindowsAPI	7	30
where	0	30
networking	3	30
free	0	30
gitWatch	1	30
ISO8601	1	30
struct	0	30
docker-registry	2	30
パーミッション	0	30
each	0	30
Digest認証	0	30
otto	46	30
SwiftyJSON	1	30
タイマー	1	30
Compose	2	30
モーダル	0	30
img	1	30
ascii	1	30
キーボードレイアウト	4	30
メモ帳	0	30
とのさまラボ	1	30
anko	14	30
KDE	6	30
排他制御	1	30
パス	0	30
fuse	4	30
DMP	8	30
kickstart	7	30
paper	2	30
webサイト	1	30
カバレッジ	4	30
調査	1	30
PAM	2	30
Nightwatch	8	30
GoogleDocs	8	30
glob	1	30
TaPL	8	30
imap	3	30
node-gyp	5	30
oh-my-zsh	12	30
Servo	1	30
WindowsAzure	24	30
ext4	7	30
DirectConnect	4	30
prompt	1	30
release	0	30
国際化	16	30
daemon	4	30
sciruby	8	30
GoogleMaps	6	30
エイリアス	0	30
TwitterBootstrap	69	30
uicolor	0	30
